"Date","SPX米国株","EFA先進国株（米国除き）","NKY日本株","ACW世界株","EEM新興国株","SHY米国債（1-3年）","IEF米国債（7-10年）","TLT米国債（20年超）","JGB日本国債","EMB新興国国債","LQD米国投資適格社債","VNQ米国REIT","COMコモディティ","XAUゴールド","BTCビットコイン","ETHイーサリアム","XRPリップル","短期金利"
"2005/10/31","0.001993079867373515","-0.006412898483504015","0.002447052631654234","-0.0015995980332049742","-0.03878380211720878","0.02542282417935038","0.013546783781778426","0.0032662965114380604","-0.0028575732488660467","0.010962660974152438","0.010031861562766364","-0.003275727441307219","-0.08033934709670143","0.019028311605800985","#N/A","#N/A","#N/A","0.00001"
"2005/11/30","0.07335945042419145","0.05193095745132248","0.09278668948431323","0.06526563004250496","0.08766027428109036","0.032173419803146475","0.03459908307034776","0.03526573673795852","0.006014106266243208","0.0426443340111744","0.034922958258269965","0.07090020666269536","-0.012035678345638345","0.08724396265009982","#N/A","#N/A","#N/A","0.00001"
"2005/12/31","-0.016419838312737745","0.036538529462637026","0.08341085089146816","0.009466849891318185","0.0456377915766899","-0.011092103306476586","-0.0010735239614172443","0.014849836585217435","-0.0010904707233065968","0.003173433223021771","-0.006048762716987288","-0.014294770854046623","0.013118234971466691","0.03740659120762979","#N/A","#N/A","#N/A","0.00001"
"2006/01/31","0.018198742478667373","0.05170860140184397","0.0331682622467222","0.043045668948295424","0.13549796653946","-0.003943888311581767","-0.01267061325336416","-0.01898661214409947","-0.002815506590525435","0.0060765356734775455","-0.010019220278488339","0.06927856806618071","0.03679433705325352","0.09158112150841236","#N/A","#N/A","#N/A","0.00001"
"2006/02/28","-0.007306001209186563","-0.019866171465664606","-0.02644019086297733","-0.014683916117109619","-0.050957929246330025","-0.0126234645902088","-0.013978718378858335","-0.002021838623931238","-0.003363404883670712","0.008829742665420914","-0.006220644290407584","0.005381177124316849","-0.1133076959543623","-0.025818699656647848","#N/A","#N/A","#N/A","0.00001"
"2006/03/31","0.033799045978743614","0.05774626601714794","0.05671558643824137","0.038138163212114495","0.039053790334351746","0.018783429042744215","0.0032037693195010597","-0.029462459882992675","-0.006951785069017951","-0.0010147532492044142","-0.00010648678653846222","0.06496635885677993","0.06855500449223961","0.056569125446001456","#N/A","#N/A","#N/A","0.00002"
"2006/04/30","-0.021248959374778553","0.012844520137256232","-0.008750731967523184","-0.0015392274589985933","0.02951380334908671","-0.031323876933937345","-0.03951917833936647","-0.06006173487045119","-0.005471533311501636","-0.03393466212828089","-0.03541180958353529","-0.06633061901479043","0.027152728116348612","0.08190306978351392","#N/A","#N/A","#N/A","0.00002"
"2006/05/31","-0.04111291608217971","-0.04911924737254225","-0.08433163068068728","-0.05056260296914172","-0.1214977135808799","-0.009682891913167624","-0.01238988743327929","-0.013220721217544695","0.003645031828492068","-0.032578063600895324","-0.013212798405757953","-0.03800563247214439","-0.0195601382256686","-0.026198581648820385","#N/A","#N/A","#N/A","0.0002"
"2006/06/30","0.0200706618985258","0.016795878167462863","0.0026230687656212393","0.016649310546604124","0.019589137542466606","0.019822661007915743","0.01975332275570363","0.02940604698677962","-0.0029659832330964976","0.014288081263256203","0.016543844657321394","0.0678919795550037","0.02860860348704608","-0.029649867283703224","#N/A","#N/A","#N/A","0.00035999999999999997"
"2006/07/31","0.004653888857165889","0.008281293469419415","-0.00319862362633605","0.00675071231979163","0.023607864476011597","0.0068262638453109314","0.016950899671220654","0.021812021952209326","0.0007907969292631989","0.03399209241112833","0.01476677661989978","0.039095238705075586","0.019604811132303057","0.03333421111201251","#N/A","#N/A","#N/A","0.00155"
"2006/08/31","0.04725465575052401","0.05100803371086604","0.04428889862352148","0.05114537947741171","0.04109926067290348","0.03259548015224234","0.0429628775170694","0.05620982297427424","0.016788337351157805","0.05121043245177259","0.0476972163549072","0.06059946964472962","-0.04821669354348501","0.00965944888222503","#N/A","#N/A","#N/A","0.0025"
"2006/09/30","0.03225200584648036","0.007342945093512299","0.0025198729471802572","0.01657417785462889","-0.0036393843616718824","0.009525142951803733","0.017249819891639095","0.02435970481845051","0.00016552498293764267","0.00997121167232029","0.01388274632021047","0.024871821420568985","-0.10279906669974193","-0.04004659290475687","#N/A","#N/A","#N/A","0.00261"
"2006/10/31","0.021284840905716473","0.027200462548626403","0.01679791467576175","0.02701295280874061","0.05996119659925481","-0.005786282675452892","-0.004586884516539214","-0.00153548752033561","-0.0014146974322140125","0.010046207916440508","-0.000004821715530844983","0.04976113564017659","-0.03510012712025656","0.00022838073492637","#N/A","#N/A","#N/A","0.00254"
"2006/11/30","0.010192469827668305","0.020933321994209386","-0.007477095268537237","0.01820836739164644","0.0497723943338102","-0.004715701965463004","0.003484502210741258","0.013357581651529005","0.0031865951019528437","0.0029222957432144536","0.0049708778279202726","0.03785419628919784","0.04002052586404292","0.06116307403020027","#N/A","#N/A","#N/A","0.0025700000000000002"
"2006/12/31","0.042279846589009296","0.06141113156814204","0.05868464073549218","0.051170661308014065","0.08468236532947149","0.02920486074721329","0.01540842221285077","0.0008015896759749896","0.0010253844499407085","0.036316062451714703","0.01931034170063617","0.009575315781988003","-0.042669519240019826","0.009846810011852725","#N/A","#N/A","#N/A","0.00255"
"2007/01/31","0.030054929194312408","0.0289289919272111","0.008951078017734648","0.024674744258436743","0.01594794153954293","0.016441136326766692","0.010729747001987144","0.004692789672839259","0.0012748827299745526","0.011470685967876149","0.015743224992214033","0.103883639878672","-0.011039655358438538","0.040463044956201344","#N/A","#N/A","#N/A","0.00267"
"2007/02/28","-0.03593812589992662","-0.017839384598494212","0.012845699882722439","-0.022127909825073955","-0.048479331633164424","-0.009498983025601926","0.0035608452535380586","0.016678373748072683","0.0032041839507940205","-0.0002091049387149546","0.003024304779395637","-0.043180338252497896","0.01986646049324503","0.008069145372423536","#N/A","#N/A","#N/A","0.00357"
"2007/03/31","0.003749951405178864","0.021022000250150885","-0.01365097779160318","0.01189099258855908","0.04518319759679845","-0.003276465713177412","-0.009119520477760767","-0.0246190787340389","0.0007698182142218346","0.00138061600422823","-0.014446397847734715","-0.028336977156215193","0.016751309475569576","-0.017450274273342448","#N/A","#N/A","#N/A","0.00509"
"2007/04/30","0.058035535057165744","0.05113333039448942","0.0065746481964614745","0.057892269350006575","0.05090033843329356","0.016252928855152282","0.019300892100030387","0.022326019493926763","0.0015526782534370732","0.019776688013306565","0.022190332609268504","0.011879999303778144","0.017795319735963044","0.03424173191562141","#N/A","#N/A","#N/A","0.00511"
"2007/05/31","0.054623033254706854","0.04411969199430166","0.0274703823927005","0.050058613743094726","0.07168321320727933","0.01933603924563121","0.005809814683650716","-0.0035781174830858964","-0.005419270703694417","0.014547679790755552","0.007469291429301528","0.016162544590227812","0.008034742997858002","-0.004414575271395993","#N/A","#N/A","#N/A","0.00521"
"2007/06/30","-0.0032091797311564196","0.00833505651987232","0.01482191673638078","0.00835968174314683","0.048790251287132325","0.016386658588524394","0.006850305291257408","0.001329198782660912","-0.005090755040755185","-0.010864961105132354","0.0033879914283654333","-0.0795399492037353","0.04325445374241155","-0.006617764123142411","#N/A","#N/A","#N/A","0.0051"
"2007/07/31","-0.06859200491429396","-0.06050963752636063","-0.04912415967385031","-0.05343736008058675","-0.03162039455056431","-0.029792999610511073","-0.016787199393087038","-0.006573232019917885","0.005555260321224437","-0.04943378669180665","-0.04641135861769918","-0.11790125252929673","0.007450620685042653","-0.01609452852683524","#N/A","#N/A","#N/A","0.00499"
"2007/08/31","-0.009832006094739554","-0.028571235408275664","-0.03926606197531035","-0.025350360268550087","-0.012200928338290118","-0.012124788748249404","-0.00025403742012564123","-0.004902024798236759","0.010812186014935605","-0.01092082347913692","0.0009501774797404661","0.04355802356150895","-0.05356004696142724","-0.011550139656497094","#N/A","#N/A","#N/A","0.00485"
"2007/09/30","0.029472997743520857","0.043804875750470096","0.017497106745762547","0.044003896289046995","0.10578831554894763","-0.003427479757393881","-0.008021547597777956","-0.006635297929032391","-0.0004034693011912893","0.015252158629619705","-0.0016292130805374283","0.029927365228459957","0.08469445832752864","0.09506178058977133","#N/A","#N/A","#N/A","0.0051"
"2007/10/31","0.019308523243730225","0.04840439512687933","-0.002954855086543695","0.04464998948304966","0.1250388005290608","0.010473286265706427","0.016495752585973467","0.023930111515641173","0.004688163431278864","0.0324526934217273","0.01536782229897149","0.0267745323455586","0.06600067218561745","0.0735470712843369","#N/A","#N/A","#N/A","0.00506"
"2007/11/30","-0.068972913750867","-0.06655480436821526","-0.0628598030830455","-0.07454564274980047","-0.1055515530135055","-0.014095027803749383","0.00774416025237068","0.02037008754651959","0.006847765264824996","-0.03532965313044378","-0.021585137696742085","-0.12318876685363478","-0.03591379029353736","-0.045136391615476223","#N/A","#N/A","#N/A","0.005"
"2007/12/31","-0.012233566295290266","-0.030768125929380052","-0.02294670495677764","-0.012315709390824936","-0.01503753244768824","0.0020092183621918114","-0.0004795838822712062","-0.007255051040176541","0.0018024343783858922","0.005207823231829112","-0.009009749307453241","-0.05506081376906269","0.05863153418440081","0.06296097641963327","#N/A","#N/A","#N/A","0.00497"
"2008/01/31","-0.10589383445005474","-0.12303335641964286","-0.11147689523541626","-0.12650799187683026","-0.1332633752058745","-0.03260894302850914","-0.01641989433883928","-0.02841198806940881","0.004624853474742058","-0.039342655797540815","-0.023939077322891578","-0.05578836218329464","-0.05268709261807103","0.056099197466845","#N/A","#N/A","#N/A","0.00502"
"2008/02/29","-0.04858961183511801","-0.033340490114046495","0.0010092690258767245","-0.02088770761011527","-0.003872471104719666","-0.013260132344848907","-0.011246527283136798","-0.027796396387329447","0.004950347246336468","-0.027320432431276243","-0.030248123482580547","-0.054421156558774664","0.08659244339640049","0.028524117274395078","#N/A","#N/A","#N/A","0.00504"
"2008/03/31","-0.046380399342517586","-0.0337441317930095","-0.07133606258575553","-0.052145404953367835","-0.0738888862134982","-0.03533653333594522","-0.024907843442730337","-0.017196190581994508","0.003923464169718666","-0.03688190392899782","-0.04352257191744846","0.02462684732831577","-0.0468363126756145","-0.09459452288210213","#N/A","#N/A","#N/A","0.00511"
"2008/04/30","0.09060757148693654","0.09760143400642485","0.10400805272242741","0.09880381001715799","0.13612017581577995","0.03227354760694756","0.015825161749461802","0.015110100821117634","-0.016190688990604614","0.05308452104793826","0.05394893605089335","0.10739889254121548","0.12627145382132365","-0.006999518282831074","#N/A","#N/A","#N/A","0.00506"
"2008/05/31","0.030322743452108725","0.02702899611968901","0.03472194734449929","0.03057834393765435","0.04709097489218905","0.011466360161828781","-0.003061047014886964","-0.0123059083522008","-0.00792043514761443","0.01604185822877424","-0.0074024206500897805","0.01283854069853918","0.10091216448948526","0.0264798231988157","#N/A","#N/A","#N/A","0.00505"
"2008/06/30","-0.07819083070976707","-0.08250761681574781","-0.058475401272675476","-0.0744661451375338","-0.08736315820439444","0.00834534631746875","0.017403656041719673","0.0325690448715954","0.010632931988858835","-0.014051399429402256","-0.0071167076462654855","-0.10090109739830377","0.10972361302528255","0.04911563899859184","#N/A","#N/A","#N/A","0.00509"
"2008/07/31","0.006796725372979928","-0.01780574374291266","-0.0073596321444857615","-0.01614343601313495","-0.03999106302773636","0.02033764180326303","0.02324601537299187","0.012193643223479933","0.003298915091048621","0.02392972131895177","0.01988978622984683","0.04757495072588935","-0.11942293423394323","0.0035644971476944676","#N/A","#N/A","#N/A","0.00503"
"2008/08/31","0.02468428553813662","-0.033772151349690804","-0.022528406624931052","-0.007777251982247768","-0.05464190548372205","0.01379609267256332","0.024495200747157275","0.03673205774795796","0.009267849940894352","0.016308915882850883","0.010549657758546882","0.03304423439920412","-0.06644014252347041","-0.0821670000561131","#N/A","#N/A","#N/A","0.00504"
"2008/09/30","-0.11682117522818525","-0.13650546406577946","-0.13233527400425094","-0.14454643648823973","-0.16814773875142663","-0.017417617335314328","-0.026369805472865493","-0.010612678239011797","-0.0025990871512229286","-0.09466679561600422","-0.1296238019270085","-0.026208682857047028","-0.12677084572029174","0.01662872459617848","#N/A","#N/A","#N/A","0.0049499999999999995"
"2008/10/31","-0.22523780539890825","-0.2652945183355996","-0.23652162770263074","-0.24275697994012257","-0.3093146302572929","-0.0616803538816344","-0.07994278354656248","-0.08920150525640458","0.005130273518441858","-0.2519200512791191","-0.08994758626483546","-0.3663806274405129","-0.34724845538548943","-0.22275660282365228","#N/A","#N/A","#N/A","0.00487"
"2008/11/30","-0.09739390786290192","-0.09168264515286728","-0.0077747922656855595","-0.11481408617482702","-0.12447574408593398","-0.019144292280733555","0.04535654521166044","0.109264232523548","0.0033170033670034626","0.06296228114448055","0.0026702012188495328","-0.25025559891566707","-0.17420673074110515","0.08885966662058187","#N/A","#N/A","#N/A","0.00301"
"2008/12/31","-0.04148611604835983","0.03339499386653633","0.041697545662194635","0.001091144870236871","0.047302145608602686","-0.04544052825329059","-0.0018423710393432602","0.07880484799106902","0.017892747568826077","0.11726168351941824","0.0803431238362462","0.10783735954898321","-0.1568757149334019","0.023885277658642012","#N/A","#N/A","#N/A","0.00211"
"2009/01/31","-0.089708556579981","-0.14445356166539203","-0.09668723282456226","-0.12115048941711459","-0.10041629501478744","-0.012607908495460785","-0.046822677785003486","-0.13790032582396028","-0.006037621097954698","-0.0773294198222193","-0.026127668933658033","-0.18213215684018147","-0.11087795305063386","0.04551256363396239","#N/A","#N/A","#N/A","0.0012"
"2009/02/28","-0.03080294006690454","-0.026922988209038268","-0.048088706285499105","-0.019577248693613436","0.017796071173786343","0.08429821277595106","0.07789333291355516","0.0692382874899895","0.002420389170896814","0.02500055795927092","0.02936477601738452","-0.13700868677241151","0.019408462836631557","0.10132456683934987","#N/A","#N/A","#N/A","0.00111"
"2009/03/31","0.09829182843285955","0.09889960749175719","0.08031065647364888","0.10723961167044149","0.1847906471113394","0.01889263554104037","0.04742315672699582","0.05486324696835854","-0.0031556948992337353","0.06562117241226773","0.018613107229249026","0.05074722746946403","0.060141925467722235","-0.011007862414380232","#N/A","#N/A","#N/A","0.001"
"2009/04/30","0.09623583995420804","0.112035027036262","0.08992813335508676","0.1245889388716277","0.1523130348885946","-0.004475651013715498","-0.03020285010475221","-0.0721532355043707","-0.002826743083539257","0.07422682885087206","0.024859113117498","0.30313951667357997","-0.018273767442096744","-0.036476266202871144","#N/A","#N/A","#N/A","0.00104"
"2009/05/31","0.02348946020302245","0.09452754272805874","0.07040713236057194","0.06835495021496785","0.12110187001112482","-0.03249089173778219","-0.05312005280549292","-0.0687618779544178","-0.0027326038235594486","-0.004993041733312498","-0.010629058196004681","-0.007738807281209237","0.17487104956342447","0.06594466662950915","#N/A","#N/A","#N/A","0.0010199999999999999"
"2009/06/30","0.008780918005921512","-0.004740109659996605","0.04624861056662066","-0.0058792147323678545","-0.013265597479466318","0.0084899891027157","0.0038174566650508446","0.017022649439169646","0.008802570650323522","0.01912595754808666","0.03862720000051545","-0.022830423213091144","0.007095452451987505","-0.04329525257518885","#N/A","#N/A","#N/A","0.00104"
"2009/07/31","0.05574226919121417","0.08109743457862084","0.022593273963736227","0.0750220335700651","0.09065835799750976","-0.01647315004277161","-0.00938343066255165","-0.01189457595638943","-0.002007475531555786","0.013018943370605163","0.027959500264666204","0.08826290028846406","-0.010361421982359342","0.006670657232065613","#N/A","#N/A","#N/A","0.0010199999999999999"
"2009/08/31","0.01754611350952162","0.025486368902170042","0.00960629517436562","0.010418998037993177","-0.0315927605558336","-0.014688397708063627","-0.01121060261729323","0.003189228412473266","0.006273549303394849","0.005198911345522195","-0.0058465514070080715","0.12184975545719556","-0.01448808302706639","-0.01922718610045182","#N/A","#N/A","#N/A","0.00106"
"2009/09/30","0.0020083694611241487","0.004435712386767987","-0.030447172700967085","0.014762002671272256","0.06635720571235781","-0.030015479802267597","-0.021422696461717683","-0.008515865183706728","0.0028734853321684627","0.01813985269225693","-0.015282113674385811","0.03149469967162277","-0.05522233132541454","0.024443407729295208","#N/A","#N/A","#N/A","0.0010199999999999999"
"2009/10/31","-0.016823898813561833","-0.02285144149850571","-0.009813750737144078","-0.024612230983594663","-0.03207456986599011","0.003810248175800224","0.0010653443141372954","-0.02377709334137168","-0.004573219191851391","-0.002889127891801402","-0.002535814213954879","-0.0422932652869743","0.05074645354201612","0.04034501627200204","#N/A","#N/A","#N/A","0.00106"
"2009/11/30","0.016356549200822634","-0.005083363273721719","-0.06640241762613164","0.009048106608681383","0.03254925371269057","-0.036913972692691255","-0.023312910771945416","-0.03101112310248888","0.008431707111843928","-0.03500764014798796","-0.023930597003822163","0.020234291856827014","-0.030314456108580634","0.07925098960797272","#N/A","#N/A","#N/A","0.00105"
"2009/12/31","0.09779325401696393","0.08486109655284091","0.1295115961548916","0.09740465197727488","0.11250559668790827","0.0681598904012759","0.029790274729436295","0.008859746314998196","0.0009512348563228634","0.07977264611917967","0.0549474307245581","0.15678861622893248","0.0878152384841484","-0.000683970164776726","#N/A","#N/A","#N/A","0.00101"
"2010/01/31","-0.0637242459255778","-0.07762631785547824","-0.03571418030053042","-0.07987734784775402","-0.10380049330429086","-0.020683661998671776","-0.005386048176162506","-0.002257178023629347","-0.000316728903410729","-0.03366425879163637","-0.016287756886815385","-0.0820540673868253","-0.10719185660594355","-0.04063076646244068","#N/A","#N/A","#N/A","0.00096"
"2010/02/28","0.015784370661440894","-0.012316289939362401","-0.004873074957035484","0.006453951613266895","0.0025541974005898194","-0.013364377955727313","-0.011675095217907772","-0.018317442312203225","0.0009505002501249915","-0.0018536312523166343","-0.009953081020430798","0.040053169006590394","0.043337292875079925","0.017017763125255048","#N/A","#N/A","#N/A","0.00101"
"2010/03/31","0.11574807632698914","0.11887647494366127","0.10284031401069904","0.11828782281520933","0.1370237149974074","0.04888900611141511","0.040604355315864815","0.030082443420302418","-0.0021156338497417882","0.07916348144763696","0.0585757474011539","0.15885679752603798","0.058172345093008504","0.04758848383353653","#N/A","#N/A","#N/A","0.00097"
"2010/04/30","0.018836591040934714","-0.024823787148707255","-0.002664521233087913","0.0010092313781064899","0.0016472216223155645","0.006326286587204466","0.01989738913132899","0.036643087984290945","0.008396566287183322","0.008429601372208717","0.02245701616932627","0.07505372250335207","0.03486967173686373","0.062116848331107866","#N/A","#N/A","#N/A","0.0009299999999999999"
"2010/05/31","-0.10535487769820295","-0.1369146528904055","-0.11576125548896743","-0.11925531108648324","-0.11942828876434852","-0.023734416101936495","0.00037125834793338974","0.021510534815257776","0.0027971164669270353","-0.04581772437584797","-0.04085091389936368","-0.07998153590882784","-0.16027801201796077","0.0010822574382991501","#N/A","#N/A","#N/A","0.00091"
"2010/06/30","-0.08044163597284992","-0.05026201363301741","-0.03726076342955231","-0.06477149914179037","-0.04382999063507864","-0.026203051035317948","-0.0007069307576121897","0.025956519113464527","0.01186733791099936","-0.007048505745250733","0.0015265170885978563","-0.08081172432303818","-0.029568079555895355","-0.007346552336706558","#N/A","#N/A","#N/A","0.00095"
"2010/07/31","0.04425988353729915","0.09098795761348821","0.0010459652350645054","0.0687463309031584","0.08436103549106","-0.02060797090672606","-0.013611384928044035","-0.03175401520246679","0.00350593253515174","0.01711325479972703","-0.0018710010201115068","0.07127219592133649","0.0337753204169009","-0.07149892079628828","#N/A","#N/A","#N/A","0.00094"
"2010/08/31","-0.0660607672124689","-0.05918596470704918","-0.07732509653094433","-0.06393974185200335","-0.05372577245059795","-0.019736909134639546","0.010745556917491239","0.059984125865262694","0.006841619530589699","0.0032387303927423616","0.005850176817295383","-0.034549103230944955","-0.07564448425440895","0.033760009101398536","#N/A","#N/A","#N/A","0.00095"
"2010/09/30","0.07968146002524557","0.08975433352209472","0.07248049250837774","0.08814348876440081","0.10744685624794315","-0.007885969099727275","-0.009091463679733458","-0.03403677171881381","0.00046656227803964503","0.006894403653185055","-0.004538167242517432","0.03524027527845841","0.07048450560517416","0.03797142987468649","#N/A","#N/A","#N/A","0.00091"
"2010/10/31","0.012335530066847289","0.012192554585741311","-0.020063419389507064","0.01164272137813871","0.004487823243176647","-0.02277448211350308","-0.024984055835043484","-0.06849383903019157","-0.003986753791545566","-0.005960035981234513","-0.02747609850935706","0.02133069508483798","0.003353398957545606","0.011651046880650995","#N/A","#N/A","#N/A","0.00091"
"2010/11/30","0.031525813505351774","-0.018232259343011092","0.08189628691710715","0.008976259092560834","0.0015554758470759378","0.029411342039669774","0.022261230558549228","0.014100195610298849","-0.011615375145782042","-0.01412202519703587","0.014863380665645964","0.012427148024295676","0.04421949619879206","0.05327490551451586","#N/A","#N/A","#N/A","0.00091"
"2010/12/31","0.03172710735516415","0.047421682136185916","0.026892641175117582","0.04243183571906939","0.03745742857689094","-0.03450723383941234","-0.06610410174332071","-0.06869690668578265","0.006537788010881335","-0.029314095943680507","-0.04019677822873502","0.01108452748153188","0.054935491977937234","-0.008676032093017039","#N/A","#N/A","#N/A","0.0008699999999999999"
"2011/01/31","0.030948554529384387","0.02858583725204933","0.002909805518566788","0.018235492391939","-0.031226090907042092","0.008792920337637788","0.007260029047911454","-0.023568463652289706","-0.006171385777546173","-0.0029689296519946895","0.00784584405368216","0.04022551360549942","0.03879156724783983","-0.057033147914169136","#N/A","#N/A","#N/A","0.0008500000000000001"
"2011/02/28","0.028850837312238253","0.02960681283188138","0.03675024902286195","0.025205913470761843","-0.006122722343012255","-0.006895559416508434","-0.007761187311502216","0.010718961900050061","-0.0012949220285676298","-0.006301173132139959","0.005049898297836197","0.041096183349323745","0.020611157065070218","0.05392389957713872","#N/A","#N/A","#N/A","0.0009299999999999999"
"2011/03/31","0.018842865038051215","-0.005609695307616791","-0.0755595625403237","0.009948930321974192","0.08279342022959058","0.017396313361621507","0.017145056179222795","0.019019265456910572","0.001229275733123253","0.03453489805354493","0.013213614903617943","0.0023121126181504525","0.054286693306286216","0.035711464154128514","#N/A","#N/A","#N/A","0.0008500000000000001"
"2011/04/30","0.00891421926062641","0.035679595418506516","0.013117922106414603","0.02775888606211785","0.007311775608145776","-0.014244888167246672","-0.0014288891297344897","0.0034527790844824935","0.003291523341523267","-0.002749431048350681","0.005073646411021926","0.03686287694228296","0.022257999548297214","0.06793838471981606","#N/A","#N/A","#N/A","0.00062"
"2011/05/31","-0.019097318720571743","-0.029857959004925383","-0.015935767282540758","-0.027347388678462314","-0.03713807807703551","-0.004362598041598331","0.016883766649475884","0.025982951895317186","0.004945592124596105","0.0063895068250896525","0.00462166645387585","0.005665300928990424","-0.07599287257823795","-0.0261630066592351","#N/A","#N/A","#N/A","0.0006900000000000001"
"2011/06/30","-0.01893601065831696","-0.014183894601544456","0.013157565774533753","-0.019674731400369017","-0.011437118938315005","-0.002148025981180246","-0.007135387135988158","-0.02528384685000551","0.0035887264457440337","0.004107416386277096","-0.010057420058354083","-0.035025199833202625","-0.061530029076357184","-0.025401642247622758","#N/A","#N/A","#N/A","0.0006900000000000001"
"2011/07/31","-0.056188525824183766","-0.05982213807334813","-0.010989046128376034","-0.05887887966109151","-0.046836614599295","-0.03416720824986297","-0.006397105069361753","0.00559354601267148","0.003381309076783684","-0.017921120528337275","-0.013517347544195757","-0.021859252109611704","-0.0064290919599560015","0.04399202420341797","#N/A","#N/A","#N/A","0.00073"
"2011/08/31","-0.06748641115061726","-0.09962797854345484","-0.08888881026150763","-0.08585886516991736","-0.10456243735811577","-0.009836676774528486","0.03265955035260415","0.08215724730903862","0.0031437544357700796","-0.008153157913212361","-0.009880481674776842","-0.06868662136365966","-0.030062761571381102","0.10800848951086484","#N/A","#N/A","#N/A","0.0008100000000000001"
"2011/09/30","-0.06864403108842465","-0.10733880207613067","-0.024390320656427433","-0.10364830936147285","-0.17826197617768302","-0.00018346868608187794","0.023223710626072203","0.13300528903409137","0.0046771440975011905","-0.04710362378632116","0.004348844412048081","-0.10767557968946406","-0.12647608021333479","-0.11093100413435397","#N/A","#N/A","#N/A","0.0008"
"2011/10/31","0.09433741777754223","0.08163632161894396","0.03181828445048329","0.09837676608751433","0.147153372640898","-0.013012552371090114","-0.026045417613372757","-0.05113365210662513","-0.0017143195493534212","0.03749787122167669","0.011408131931616161","0.12765270958283748","0.08795948837251832","0.04523561527726305","#N/A","#N/A","#N/A","0.0008100000000000001"
"2011/11/30","0.025127901024524224","0.006909225183121759","-0.061674068584520625","0.0174936123993934","0.009133381062618406","0.0297727291526666","0.035278887958136274","0.04978509713215007","-0.00030647601949230217","0.01606479646341885","-0.0031809944717048344","-0.009814615168509233","0.04477057656784944","0.047110406071647404","#N/A","#N/A","#N/A","0.00077"
"2011/12/31","0.006547246109448235","-0.02552640752733737","0.005868563320550635","-0.013327805585794383","-0.046344724019887096","-0.0033419468114807005","0.01593873829606296","0.03045468981740762","0.00652388404309911","0.015186441365081738","0.03088649037549107","0.04445501875781899","-0.02774006156363673","-0.11071528752382698","#N/A","#N/A","#N/A","0.00078"
"2012/01/31","0.02887209113182765","0.035086820568284605","0.04434072312498771","0.03713548191137428","0.09134520784526878","-0.015913066097676176","-0.008250458566715468","-0.01997078042604894","0.001288048360890909","-0.005528672377272503","0.004362886899154983","0.04599869659289646","0.006826341964487614","0.09625587115131085","#N/A","#N/A","#N/A","0.0008"
"2012/02/29","0.09970165467628767","0.10489415513262723","0.10055864074589449","0.1060838034938496","0.10951846111900454","0.05247233114492533","0.042363243754709234","0.026582538800861366","0.0008726559765835862","0.07999786424483779","0.07116526343138152","0.041827201528089164","0.11949551973583494","0.02291979689855661","#N/A","#N/A","#N/A","0.0008500000000000001"
"2012/03/31","0.055158959961125964","0.02658046331569497","0.047715765545865096","0.03366679250943694","-0.009544845888184827","0.021491128360318967","0.006011602883897238","-0.02102386637662068","0.0005221551176094408","0.021037425648734898","0.007750482422885563","0.07543902214230092","-0.008785696505039242","0.009252262298447222","#N/A","#N/A","#N/A","0.00084"
"2012/04/30","-0.029892909737688877","-0.043656973205542404","-0.05523255711881492","-0.03454670755007794","-0.03997276010438677","-0.02140391916629225","0.0011311701890519554","0.023839936788709437","0.0055094383378867465","-0.0059226386857432756","-0.012805368364584235","0.004551944221455662","-0.026743037317133345","-0.025774556442592744","#N/A","#N/A","#N/A","0.00075"
"2012/05/31","-0.07605858747738081","-0.126569704660075","-0.10358982306676312","-0.10824435503780538","-0.12226129075777448","-0.0164659602861994","0.01118163622994639","0.07169098668363194","0.005889405427605849","-0.04426034917270183","-0.009581888622435919","-0.061317097449784974","-0.14266244012269824","-0.07880202636414779","#N/A","#N/A","#N/A","0.00084"
"2012/06/30","0.04494247229276671","0.07491896470444837","0.05606411710624459","0.05512598551908621","0.054756102318577415","0.0032156985479381284","0.00003097021785958276","-0.012661833697470648","-0.0008037451713199861","0.045009241242591314","0.012942158206239895","0.059592639127553415","0.011166731811390607","0.02729848264470469","#N/A","#N/A","#N/A","0.0007599999999999999"
"2012/07/31","-0.0036330635293970737","-0.014492859821227944","-0.047670661196094866","-0.007200333656593894","-0.015533255527279799","-0.013109506271191562","-0.0014845232683708964","0.02230846935611086","0.00416158500172858","0.021575034987018737","0.01901642881770793","0.004433873558722601","0.04262426967467925","-0.0051556654040243455","#N/A","#N/A","#N/A","0.00084"
"2012/08/31","0.030683422984130626","0.03766870560829361","0.01706483281556448","0.03345465996114094","0.009605624555288461","0.005564210908584277","0.0043133843981593145","-0.007768455094769089","-0.0016774920972738637","0.017896828594778702","0.004951877413650774","0.005341965104930235","0.07755898628844626","0.054104467274534995","#N/A","#N/A","#N/A","0.00086"
"2012/09/30","0.013338396955890675","0.015098558298741738","0.006711431158583192","0.015024263527487092","0.03986280340752191","-0.011552080627591277","-0.015156772152243647","-0.036746535573111694","0.002583311389071746","0.0059300567328510745","-0.0008430702213663155","-0.030128360914435937","-0.032888735309087425","0.03566011206254416","#N/A","#N/A","#N/A","0.0008500000000000001"
"2012/10/31","0.008038982469967815","0.03795901202583263","0.008888984624502605","0.02144569994540846","0.022251841051988075","0.026018387571440815","0.022656877389413577","0.02175419368891207","-0.0007065988181220783","0.03309487489826113","0.04054460633900003","0.017399253778534574","-0.014588636091137253","-0.0035968294662614975","#N/A","#N/A","#N/A","0.0008500000000000001"
"2012/11/30","0.036794483204483086","0.05963031765004656","0.06057247750308514","0.04738469793124733","0.04699386498505387","0.03120409356491538","0.04105490675517531","0.04291035778882324","0.002922279582003523","0.040199855486142244","0.023501357102447384","0.02823794224342846","0.04748570969683619","0.026038783373015573","#N/A","#N/A","#N/A","0.00086"
"2012/12/31","0.05571489256476103","0.09220827674871934","0.10384231693086265","0.07675314357060636","0.1175562671350443","0.046626791768231035","0.036526681284627216","0.02033610487366122","-0.0034501934054963546","0.0538416118760674","0.04290727760199786","0.0853189193951811","0.04096896185355381","0.02127313392911878","#N/A","#N/A","#N/A","0.00082"
"2013/01/31","0.11308008384035206","0.09835592445941743","0.06585134631941703","0.09873834769397827","0.055772722539306985","0.05900135610938029","0.04518338025681912","0.025146614642220788","0.002704476023538288","0.028694050588166986","0.045135349173336614","0.09846331540873732","0.10731526266332247","0.053672958046299124","#N/A","#N/A","#N/A","0.00083"
"2013/02/28","0.027023591439264028","0.0010174948138943485","0.03706984494903409","0.013068433071692365","-0.009077627360653429","0.014696907345911114","0.025568782104855803","0.02664633189776766","0.00931446497690091","0.016764596917389518","0.024997025750090884","0.026415113566009563","-0.03766946358011258","-0.03787160487791197","#N/A","#N/A","#N/A","0.0008699999999999999"
"2013/03/31","0.05919069725421133","0.033764276034454976","0.0800000411192876","0.03907528254469805","0.010052970925682692","0.02078256942633616","0.02337100660412217","0.016163356358415815","0.013062320633349883","0.010886457397585536","0.019966365878701042","0.04975265932314721","0.03173304893103279","0.030402373667525184","#N/A","#N/A","#N/A","0.00078"
"2013/04/30","0.058968070646036486","0.09115053413516327","0.11977924273694907","0.06848715811692885","0.05163852766553467","0.03971992307148753","0.05485317366201081","0.08768294007226407","-0.005513980463980555","0.07606610839383898","0.0615889970480159","0.108980088816232","-0.011838782003316894","-0.039320926815893165","#N/A","#N/A","#N/A","0.0007199999999999999"
"2013/05/31","0.05745724952172404","0.0018772623568856783","-0.0077410517915796895","0.029107692318434575","-0.01680932754641784","0.03168412915462282","0.0009899289228385566","-0.036778370464012","-0.013155797857646983","-0.017814879151380025","-0.00017357950164087477","-0.028687190403241636","0.01721863646807531","-0.03100543340254447","#N/A","#N/A","#N/A","0.00073"
"2013/06/30","-0.03895332320351086","-0.052038591007931845","-0.006383084620160129","-0.05129638419729721","-0.07783012543534096","-0.026912546073117882","-0.05075608336963777","-0.057819393475101344","-0.00011220065932716067","-0.06920923187516459","-0.057781350724436575","-0.045259172570847994","-0.02627065945330631","-0.13233245072906363","#N/A","#N/A","#N/A","0.00074"
"2013/07/31","0.04676452592941738","0.04830869238373925","0.0022004784788411946","0.04091472878412539","0.008513932833808413","-0.003052309549642307","-0.008181217807358698","-0.027144478786487847","0.002718101517790722","-0.003120434741887612","0.0063376634615059935","0.004309014964646751","0.05155849108499133","0.067550336231599","#N/A","#N/A","#N/A","0.00073"
"2013/08/31","-0.02726080651272189","-0.016791828422252908","-0.01948046361934297","-0.020197537217044648","-0.022633656035446537","0.0018414845926120194","-0.011448964531809325","-0.010626533165127072","0.004974658044105124","-0.021561891325277527","-0.0071957033363565515","-0.06718180817894037","0.03394194698046782","0.055062123442237265","#N/A","#N/A","#N/A","0.00073"
"2013/09/30","0.026765871656638573","0.0731480823641979","0.08462117109829559","0.05039940018271838","0.06699523168520383","-0.002510534911692508","0.013643414253240449","0.0017570700724558463","0.005721070579884574","0.026633933836776036","0.002652640342952761","0.029923309888032046","-0.03943905722714369","-0.051809236070916254","#N/A","#N/A","#N/A","0.0007199999999999999"
"2013/10/31","0.053579668808835246","0.039779570902159556","-0.008819631688647411","0.0467286363237045","0.048948944121650406","0.0076419857960052795","0.0147832937763408","0.021353873375023147","0.006547115679656485","0.03247801465995259","0.025159067330820406","0.052472386105336666","-0.0076650165710761","0.0038263010481160986","#N/A","#N/A","#N/A","0.0007000000000000001"
"2013/11/30","0.06920034467193292","0.04409801080494047","0.09171789127073326","0.054542095316221006","0.03573344534632117","0.03939511288113651","0.02932313409831","0.01035235264186296","0.0009559442158207865","0.01742349342205074","0.03697643252624139","-0.016103596781134377","0.03354229646077167","-0.01976044366942864","#N/A","#N/A","#N/A","0.00073"
"2013/12/31","0.052423856363395194","0.04815169414209852","0.04200648504280857","0.04705450303756242","0.021656563616658353","0.024007549676638762","0.00438221116651083","0.006648286494112643","-0.00571416955965654","0.028764504754513975","0.02803227306681033","0.02687266630488172","0.039716682519663316","-0.012228252319674393","#N/A","#N/A","#N/A","0.00074"
"2014/01/31","-0.05525448400478972","-0.07167015302280944","-0.08543941804303334","-0.06611368729575162","-0.10530953251214392","-0.01876414683580674","0.009260187105535556","0.04098426004236999","0.00870903466862682","-0.028703570388550315","-0.002299045076448958","0.021127718074131385","-0.042335926046764616","0.011961153177513895","#N/A","#N/A","#N/A","0.00073"
"2014/02/28","0.038923120754360774","0.05461833348368428","-0.003289321960242342","0.04541276670396188","0.027259861169237176","-0.005917986025494426","-0.002753394400221598","-0.001097968538437244","0.0023788056348291674","0.027923150144411935","0.005070909167564253","0.04402822395165473","0.04135844293140667","0.05790946722071366","#N/A","#N/A","#N/A","0.00077"
"2014/03/31","0.015988238173952896","0.00300215864845943","0.003960559052381019","0.013380881135347522","0.04667800454771709","0.0065330776561480786","0.001975552375778511","0.015005807785156922","-0.0028060724453329356","0.01962682587784559","0.0073358594255577","0.012636277444881383","0.0070181375809790225","-0.024521071980930453","#N/A","#N/A","#N/A","0.0007199999999999999"
"2014/04/30","0.003770041127259871","0.013455370288183222","-0.0348456968704306","0.008671925338621156","0.004619534830096139","-0.002084542206688522","0.00440028206840215","0.01772735488157151","0.0014988808576546998","0.007394232651066757","0.010092376957061555","0.029589181019060273","0.00681870872237722","0.0016492357259461077","#N/A","#N/A","#N/A","0.00065"
"2014/05/31","0.01478646341501122","0.007594235264196003","0.023841834267401163","0.011663415074066874","0.021046759618587707","-0.006457826660802746","0.00987492282391722","0.02102421268797272","0.0032552337922252482","0.02615978186803214","0.006789599358334009","0.015565874093808496","-0.013292065894927818","-0.03758543701952244","#N/A","#N/A","#N/A","0.00068"
"2014/06/30","0.017865769028781564","0.006459042941065363","0.036593458436584125","0.015409436388161835","0.02122935249036173","-0.0035122672308446345","-0.004885479283228467","-0.0052303510988662705","0.003123451808867522","-0.0022902418187112916","-0.0026561358549956893","0.008587197876708252","0.021057268331027723","0.058938632942964864","#N/A","#N/A","#N/A","0.00067"
"2014/07/31","0.000148138032223466","-0.012622020945573187","0.030458122320285774","-0.0008647799758481067","0.02760701333924631","0.01299269944703485","0.011536466331272477","0.020504651187525313","0.001576898047722314","0.0112206732658644","0.010532627296877761","0.014583849083328992","-0.0436119895105056","-0.022434881872404167","#N/A","#N/A","#N/A","0.00066"
"2014/08/31","0.04811582475936893","0.010140545749490082","-0.011356473811688028","0.03429993116162655","0.03685708883418415","0.010197090464539649","0.027282710812075894","0.0559544302015329","0.0038602448414847223","0.02112797986167414","0.02853102428901555","0.03901757315521004","-0.00743141974179351","0.011571053091828487","#N/A","#N/A","#N/A","0.0006900000000000001"
"2014/09/30","0.04035693792508677","0.013954048955413523","0.05360567397623428","0.01993150771340302","-0.027029145938011867","0.0541378299691182","0.04383933804606843","0.03262709577230538","0.0007290028763183798","0.032136646791975254","0.037171035427373544","-0.008811762206496598","-0.009053899523120412","-0.009433970047649565","#N/A","#N/A","#N/A","0.00066"
"2014/10/31","0.02189458844875891","-0.0042654434839568545","0.013325272836734792","0.01041655897897198","0.012555485837265623","0.0009817603214521409","0.013720033386771746","0.02652189665240723","0.005129330579007324","0.018089522969088945","0.010704555126681115","0.09759477648277382","-0.061001400215790924","-0.031484159093699504","-0.12707372860547939","#N/A","#N/A","0.0005899999999999999"
"2014/11/30","0.10863456578161568","0.07966753052749898","0.06455465713665132","0.093835185913133","0.06235274126026202","0.08012729731127521","0.09289680376534681","0.11101064501409863","0.007425800446760994","0.07450833034336113","0.08882953059482768","0.10057496716733438","-0.029953614724377298","0.07328845505241777","0.20568875908473605","#N/A","#N/A","0.00065"
"2014/12/31","0.011158855161274461","-0.02674531601357355","0.0022458718060602845","-0.01016980320780081","-0.026449042610380502","0.010763885462669487","0.015042258417055976","0.046690872592915156","0.012129979897120497","-0.013819102135723904","0.013556160911846638","0.03303111436368544","-0.12564732064117212","0.027198999661025347","-0.14140461266331517","#N/A","#N/A","0.00068"
"2015/01/31","-0.03945779410964434","-0.003946642646849741","0.011764735364016454","-0.023158163257761766","-0.01693133458902507","-0.003917344301593628","0.03245828744993795","0.08703458200214165","0.00006682925404521427","0.008367644899959004","0.027008417569421406","0.05769532638429675","-0.09636431696719416","0.07553289745210923","-0.3277139105925704","#N/A","#N/A","0.00074"
"2015/02/28","0.06628838423048955","0.07353082279658163","0.06423039685805865","0.06515764132556412","0.0540486664576707","0.006612583909421987","-0.015405656520000255","-0.052422314096502","-0.006825305180772184","0.019236989238371915","-0.004791769917599664","-0.027544646953592378","0.06950562288203344","-0.04892973047392124","0.1803821549164797","#N/A","#N/A","0.0007599999999999999"
"2015/03/31","-0.010461111947291934","-0.009034230378073493","0.030697200751013343","-0.009361962142890201","-0.009724943689869425","0.007833363935771276","0.01393390710700193","0.01630828911734805","0.001273140252866839","0.005560683166092151","0.007289268522937542","0.022738898654732997","-0.06066656297186601","-0.016993883517079977","-0.03436542437419987","#N/A","#N/A","0.0007000000000000001"
"2015/04/30","0.001057365935541732","0.02745825162975013","0.014639231052349766","0.01971757251129569","0.0592407731191964","-0.008376161057940146","-0.014965881103284895","-0.04264479396752474","0.0033562545881661242","0.0035342931494606322","-0.020459464950466244","-0.06665719666003023","0.09959071360879257","-0.009556511161391779","-0.04148349332874657","#N/A","#N/A","0.00061"
"2015/05/31","0.054146886084407875","0.04280078064426296","0.05323368895234615","0.04076656656600175","-0.0019515399978958792","0.04119616354453437","0.03643396255509601","0.016074708655628767","-0.005698064147961706","0.037553431692865624","0.02910612834717341","0.037620051100909935","0.018151698760755064","0.04713495269078272","0.0145209687448844","#N/A","#N/A","0.0006900000000000001"
"2015/06/30","-0.029411289756435588","-0.04018033542285182","-0.015115564754651478","-0.03483179088859245","-0.03832391608357011","-0.008972665502514854","-0.02544602716216471","-0.049629805154199125","-0.0004031696980397792","-0.027261838293516583","-0.027943467054096893","-0.055540504239434796","-0.011628654928072968","-0.02392028272866098","0.1322327539325896","#N/A","#N/A","0.0007199999999999999"
"2015/07/31","0.034268660175394094","0.03197089639513395","0.01508265447311552","0.01975738597516341","-0.05239922938590846","0.01187379528729915","0.026778587045270807","0.05740016586542929","0.0032179738562089165","0.012917937284288916","0.01983596279555866","0.06978493178602974","-0.13183576940094976","-0.056363947850739615","0.0943808578197518","#N/A","#N/A","0.00074"
"2015/08/31","-0.08200622170224647","-0.09500892160837948","-0.08122295141560887","-0.08896461483279716","-0.10880330417822659","-0.02290601232130207","-0.021649688388224564","-0.02916339804774848","0.0017400636793144465","-0.03343867937689715","-0.030512114256670553","-0.08392354311065797","-0.019725158536228138","0.01453678547105941","-0.2099155285159745","#N/A","#N/A","0.0007599999999999999"
"2015/09/30","-0.036997492972891344","-0.05544981736802845","-0.07592303581969262","-0.045748574692903166","-0.04273681053462297","-0.008866617794451082","0.003824037713961115","0.007655661898315236","0.003582315894311455","-0.02233933580787195","-0.000024250095747802014","0.018455286072430077","-0.07106400783105371","-0.02978209969209389","0.014008718879694015","#N/A","#N/A","0.00073"
"2015/10/31","0.09537985855960396","0.07625992481184607","0.1001687244728573","0.0868059682187523","0.07387597338747942","0.008085192690618692","0.003081529567355634","0.0053836821502926124","0.004503149261572687","0.034002731912450734","0.015302001678255683","0.06764455784036949","0.008920028959478188","0.031986360114310886","0.3435315161588417","#N/A","#N/A","0.0007599999999999999"
"2015/11/30","0.01883445592384092","0.0074828652483778235","0.034782697753249714","0.009704883377001483","-0.010494248363222436","0.012502197949554539","0.010782273304002832","0.006316345328176043","-0.00028243651577653515","0.018224708521111133","0.013558867856292123","0.008770105537978079","-0.07764654506127577","-0.05304230207086258","0.2191886735657822","#N/A","#N/A","0.00078"
"2015/12/31","-0.03632394690610308","-0.0422437350035032","-0.03509657988440795","-0.04002595545708809","-0.05683459634096666","-0.020838047089669298","-0.02381889405970361","-0.022290657271684444","0.007418759081662224","-0.034251928241925245","-0.029977438252414612","-0.001421163689145799","-0.1003047721646052","-0.02414600160630631","0.11900510727965052","#N/A","#N/A","0.00075"
"2016/01/31","-0.06177748757836421","-0.06709993051782703","-0.07684418328981013","-0.06497780855799451","-0.06231026057920619","-0.006182479152566089","0.02029662740675997","0.04240794002983739","0.01500754752358146","-0.01224547322994396","-0.011406663283178964","-0.04655158509325974","-0.06465976185990974","0.04046568718858046","-0.15433969030365235","#N/A","#N/A","0.00074"
"2016/02/29","-0.04510124764832346","-0.07617959380808725","-0.08546053516428609","-0.0562442131925468","-0.05212762469675403","-0.043241444364305104","-0.0301104004222551","-0.014819681412597707","0.020126759782886798","-0.02754662810195918","-0.03426055373118653","-0.047787517522170586","-0.06416282465248879","0.06295938425157277","0.13432566504673615","#N/A","#N/A","0.00033"
"2016/03/31","0.05511528576749769","0.05368721170209412","0.05097074845784366","0.06171947536064426","0.11675701101692182","-0.010023033484672372","-0.012038815171866224","-0.012307224873443379","0.010980947937268332","0.021370558556666364","0.024349473461433346","0.09207803813519","0.03280322435893579","-0.02045472271895421","-0.05874474897462034","#N/A","#N/A","-0.00003"
"2016/04/30","-0.03438827193732519","-0.016808650956805393","-0.005773679350829397","-0.025311118778234","-0.0342473384265054","-0.03782817864111476","-0.039680647129911595","-0.045262586273146055","0.011218769803003176","-0.0232238940166547","-0.023226895408271497","-0.060789931476162296","0.06156045638210261","0.010397963003105914","0.0347293762514036","#N/A","#N/A","-0.00037"
"2016/05/31","0.04303106490060782","0.02470626217754912","0.033681929877337646","0.0290142033871732","-0.012290278265133625","0.024364722078192846","0.02456625058100359","0.033844374676740285","0.004227462946817856","0.02337041891776126","0.020328726788354512","0.04864472803500597","0.039060693677005265","-0.03687145920033419","0.2156124182382495","#N/A","#N/A","-0.0005899999999999999"
"2016/06/30","-0.06952101202415795","-0.09517802900917638","-0.09269660147427605","-0.07320476881218874","-0.030469138548899433","-0.0671571702388829","-0.044113972459514206","-0.008446655183767526","0.01470814546539711","-0.03403879798490972","-0.04405187790475418","-0.008499260965299182","-0.06673051288464094","0.009538239064198928","0.17495728867278393","#N/A","#N/A","-0.00055"
"2016/07/31","0.05630752286424112","0.0596702980363748","0.06171010721822445","0.05756218644970801","0.07401032639779492","0.018660661466606054","0.02165036560601874","0.040565784417870177","-0.009914991311322013","0.03308944680407322","0.03230127103643876","0.06258399976438977","-0.08330082514837645","0.039904525072480324","-0.05450550416510214","#N/A","#N/A","-0.00043"
"2016/08/31","-0.016743687101270277","-0.012674435540538709","0.0195845580485301","-0.014553608353009895","-0.009240853891412382","-0.02021396782583451","-0.027852071708636794","-0.02787252193722667","-0.012416346257695282","-0.004923159311128078","-0.016148924604639348","-0.05488722284838565","0.001778093746427123","-0.04959978365764639","-0.09528282288991252","#N/A","#N/A","-0.00043"
"2016/09/30","-0.01616761302506209","-0.0030738950333207837","-0.018626272532162536","-0.006983181271284056","0.008551531408705015","-0.01495017303742674","-0.013889648127517362","-0.031064537764980527","0.00011403302531586839","-0.012162478685231903","-0.01932953873218346","-0.03425278272974697","0.02384483198005305","-0.009197760497779983","0.04234829080515978","#N/A","#N/A","-0.00052"
"2016/10/31","0.015347555754448683","0.010369748266910062","0.05931210649870944","0.013505006387342089","0.02470827341399029","0.032762400890025134","0.017818322134151243","-0.012001887759465757","-0.0031934506888256","0.015395023514469308","0.017467012958386263","-0.026061168230784748","0.015133907753996922","0.0031346477413085605","0.18787211695102157","#N/A","#N/A","-0.00037"
"2016/11/30","0.11522249649766092","0.05643826529526175","0.049272122629786974","0.086731685758765","0.02810358988749373","0.07054346051707894","0.030129699626764817","-0.012748349468124975","-0.007563230414872951","0.02920905350083225","0.041529186994370804","0.05757529692121377","0.10219334840687444","-0.014325340962902944","0.14421747422067388","#N/A","#N/A","-0.00049"
"2016/12/31","0.05471596757242114","0.06173652216330949","0.04482381709144945","0.05404545873008271","0.031147948848158302","0.034507861070705914","0.032536158742023646","0.028978718680371163","-0.007288568863102701","0.04913175227862565","0.04243442647264972","0.08355788223241878","0.08572523897353745","0.014531596824372883","0.33604811680765145","#N/A","#N/A","-0.00043999999999999996"
"2017/01/31","-0.005016387950760204","0.009662439611950457","-0.00204275793119868","0.00590587585669744","0.04254596617988571","-0.021466429606080695","-0.02036385375250893","-0.01454988902465959","-0.006951733782316954","-0.005569801032016097","-0.021089705502163936","-0.02440369409768295","-0.03747964692823513","0.029542044614534912","-0.01575346437533731","#N/A","#N/A","-0.00045"
"2017/02/28","0.031015448273464807","0.003849030675627363","0.00460578913129317","0.01696428502788394","0.009305924344467087","-0.007599278585228353","-0.000784824156288666","0.007757118306705557","0.00339682639764593","0.008664334002589813","0.005141644859689265","0.026843249511305123","-0.0066772107110192325","0.023489713769063503","0.20627596157047523","#N/A","#N/A","-0.00037999999999999997"
"2017/03/31","-0.007355433222353103","0.02344430223984184","-0.004584673093787184","0.0047467277896064974","0.027940215381198952","-0.007960974858648662","-0.00779637718437598","-0.015089781520536971","-0.0015859696157283275","-0.003503258156829947","-0.011520866880292524","-0.03262262379873393","-0.04902087782246001","-0.011064888836140319","-0.09948691505461627","#N/A","#N/A","-0.00042"
"2017/04/30","0.004956777629998577","0.019201755216075256","0.014841422502235302","0.01112411948487746","0.012005365327856676","-0.0030583452089759655","0.006113162186664578","0.010733907207148397","0.005991451067043458","0.012098360594299473","0.006909605767189353","-0.0025114085471569236","-0.031106842669948342","0.011650249140851887","0.2514182456793699","#N/A","#N/A","-0.00054"
"2017/05/31","0.010584467975347511","0.03182044453104926","0.02370135601472656","0.01853446672529868","0.024878995805053927","-0.0027491721737468167","0.0047595099042809785","0.015334205934014689","-0.0021907322972558652","0.004109926310930989","0.009805692706227997","-0.010700917446823888","-0.015219437503048105","-0.004295581547317684","0.6903861041833588","#N/A","#N/A","-0.00053"
"2017/06/30","0.016997851173379486","0.013547493053747806","0.020689669940628264","0.018510265371112444","0.019920059997551753","0.009767332502562898","0.005407060051731083","0.018557884232271338","-0.003142611166833903","0.00330934526033122","0.015408872963861953","0.033117322239522906","-0.006452033119199951","-0.010980552702139601","0.09649087162611192","#N/A","#N/A","-0.0005600000000000001"
"2017/07/31","0.006896443389572404","0.012795633877833446","-0.0053189427792398325","0.013583733556639999","0.04406432613772204","-0.011548092792433517","-0.009685063959963158","-0.019878152376990976","0.00014563455465188007","-0.001751318817391767","-0.0058307600746186905","-0.0011731662448581925","0.028136636158745176","0.009753950209155038","0.14350773125905913","#N/A","#N/A","-0.00054"
"2017/08/31","0.002464119460911629","-0.0009003728639480624","-0.013287425230133487","0.0035588178039820395","0.023053304289205823","0.0015698126996068762","0.014116192049710374","0.033619244474815346","0.005929657985917042","0.019432562273563603","0.006316940136777527","-0.0030622693290860425","-0.010714744405830756","0.04044554031447234","0.6350281444707926","#N/A","#N/A","-0.00049"
"2017/09/30","0.03868475984777042","0.042216087388486256","0.040897812733519556","0.03731185413052196","0.017715262432250523","0.016268509324689262","0.0034918113897743908","-0.005481859954515889","-0.003994225320815397","0.016257912266308905","0.017665866462108548","0.017008472959638032","0.04915112265879307","-0.01464883634337466","-0.06077487603701526","#N/A","#N/A","-0.00058"
"2017/10/31","0.02837866297554492","0.021575624405791416","0.08193579222746661","0.026310148810084755","0.03766286033255439","0.0037869861644521663","0.0028054835643802623","0.004316688589231843","-0.0002173173452314547","0.007146079809332129","0.006639650149544041","-0.006058502573801028","0.043812859202336574","-0.0034581214004255623","0.49787026554643554","#N/A","#N/A","-0.00037"
"2017/11/30","0.021500164537308075","-0.0019639146858979606","0.034100893393836706","0.011225189028928995","-0.012652035436009679","-0.010939341195225327","-0.011564863920614954","-0.0014300429948270743","0.003129561555195942","-0.011492292473044396","-0.010019427499928901","0.017611533551322722","0.004009491553051969","-0.0055496187427176435","0.5681740194944485","#N/A","#N/A","-0.00048"
"2017/12/31","0.02001720610148583","0.021388316651996364","0.0025698017907174187","0.022410715768534928","0.045703153025397514","0.007590976647746217","0.009656784856823641","0.026061708772402215","0.0009786921708184683","0.020342425271615783","0.02009429156383935","0.0063089158206526275","0.04635810289229192","0.029184456754278942","0.39410795711521796","0.7056753160785711","8.241550784819562","-0.00042"
"2018/01/31","0.017586031309258177","0.011658955782499758","0.015377843652278012","0.0182151362619003","0.04322979542977334","-0.03946122631969151","-0.05741795490217527","-0.06806509222456425","-0.0018275308984863124","-0.042844454477528826","-0.04851197406168872","-0.07768369076429871","-0.000610373654758023","-0.005133468935734631","-0.3044883556386384","0.4235712106093259","-0.5132835434498646","-0.0004"
"2018/02/28","-0.04793479723405114","-0.059778177928674014","-0.04375238551112426","-0.05622434745508109","-0.07028759086397529","-0.013005690098623512","-0.02122672682646287","-0.04206047114360023","0.0044295637294454685","-0.0335652577746921","-0.03411403944943381","-0.0878665301999012","-0.04827832333674076","-0.031893326287795176","0.005078682331785878","-0.24446085549265506","-0.23113767984487532","-0.00042"
"2018/03/31","-0.03598429198027364","-0.01713735978288955","-0.022877518352051762","-0.023657911148487254","-0.0034488266256830213","-0.006365056534476499","0.0026402273483343563","0.01952927108334035","0.0019720486399646907","-0.0033387259524235713","-0.0032966408683460235","0.029749097926075718","0.01433449759755856","-0.0033349687409340856","-0.33524510973613786","-0.5405021823874818","-0.43859612153317984","-0.00062"
"2018/04/30","0.029891739861094946","0.04018286669309168","0.048176600375136935","0.02874083032187924","-0.0042654030368648455","0.022190118183271768","0.011517344660014306","0.0032015305731725174","-0.0007963718037318268","0.003584840302113257","0.00855185993838492","0.03301390812880456","0.07198019921455079","0.015742915022875392","0.3576817828283281","0.7313397159067421","0.6756968148377478","-0.00063"
"2018/05/31","0.02068481890855045","-0.022413544115042816","-0.012027497901960893","0.001167985696486351","-0.029660300349931834","-0.000027400647947706247","0.006288162452844581","0.016434943729758178","0.002605748589133422","-0.011611706577573044","0.0016568899834870088","0.03312992798028058","0.011906495351749147","-0.016171537134238245","-0.191860352160114","-0.14079621913954465","-0.27148012635198493","-0.00061"
"2018/06/30","0.022163232046698234","0.00021862419130158628","0.004782653341340204","0.010369794794151899","-0.029880023765548658","0.016757820567834925","0.018325007137010463","0.022881667502134828","0.0005294062465511729","0.0011466622041427232","0.011366201894817074","0.05902596072696964","0.02895767182343545","-0.019570852609929634","-0.13152452132426562","-0.19914866337223502","-0.22651596880164415","-0.0007099999999999999"
"2018/07/31","0.041814752273863665","0.033249184233705265","0.012889912608975207","0.03539094452812597","0.040070417674091585","0.003994656636483462","-0.0007038308974069984","-0.009837048947975324","-0.0023387081207775274","0.030449064706214335","0.01809806028425176","0.0106412642213507","-0.0318615255280047","-0.018803774519944527","0.22052054995795678","-0.04244060118337889","-0.06223952264417765","-0.0007000000000000001"
"2018/08/31","0.031966386633135","-0.02231358447508791","0.012586723869849159","0.007003038433138542","-0.03762940615664512","0.0035119211280549845","0.010185284678197348","0.013165994322885233","-0.00693187496545245","-0.02314736662664063","0.0002447086790300368","0.02579701960984515","0.010474246771305706","-0.020398808718324335","-0.09543714979894735","-0.3476878016773144","-0.22948567720733837","-0.0005899999999999999"
"2018/09/30","0.027315021526143735","0.031101025353010403","0.062151623130482614","0.027469993288238292","0.015329225087713949","0.019783088503320778","0.008937119171506414","-0.008007806373960036","-0.0031112528873179558","0.04198463062474378","0.0198061728162493","-0.005965895250571007","0.06047700315108839","0.015027212539808987","-0.038545958020278714","-0.1597486112294183","0.7711598677636864","-0.0005899999999999999"
"2018/10/31","-0.07160872937408869","-0.08380722722207468","-0.09120266907367858","-0.07682412430855223","-0.09005954324110788","-0.0011635226791174569","-0.005713395798666143","-0.03191711771340877","0.0016807316528487605","-0.027771447046850306","-0.023128450445707993","-0.03186368153872776","-0.06436854700891104","0.01825024165251299","-0.049044678862971924","-0.15459907793182615","-0.23109164679257743","-0.0006"
"2018/11/30","0.021783434930820134","0.008154416659789776","0.02087039150186576","0.019082781980965136","0.05236075852913058","0.006997760627446725","0.016518667180348556","0.021104007101916844","0.005244691375226313","-0.0017247138590685829","-0.00042037953583540233","0.0500554421314674","-0.10782917775700185","0.006614013318544387","-0.36209648283474216","-0.424813941059347","-0.1890709065777132","-0.0007000000000000001"
"2018/12/31","-0.11282316965343109","-0.0792109327696191","-0.10482819923235476","-0.09730945336761498","-0.06110788521833166","-0.01977455354726887","0.0001139873230562305","0.02977831283625365","0.008764968814968794","-0.008611699142278328","-0.0090777056208875","-0.10452547788648003","-0.0973445535180345","0.021018047348006386","-0.09365689233715158","0.14644744282269007","-0.053333180220171306","-0.00068"
"2019/01/31","0.06685973380257204","0.05331082706690893","0.039358503548950985","0.06721359148120554","0.0899389256213774","-0.009746367448144055","-0.005780293854332097","-0.008487284036034382","0.00558295139175124","0.03501779000310301","0.021043573229282186","0.10486993170522263","0.07020483446111392","0.015903317724969224","-0.08741975656115719","-0.20706780997397822","-0.13172664276962787","-0.00064"
"2019/02/28","0.05023509560916217","0.04306478167245342","0.029453303098414763","0.042354099565983905","0.0016824111331814606","0.01813557076422323","0.011914141768836206","0.0032584563158917224","0.0025457702606700382","0.021313263596890897","0.01518611006191839","0.024333566939735318","0.05275350173693516","0.012431059859805638","0.13405249066056113","0.29931955876179117","0.03380313305239624","-0.00055"
"2019/03/31","0.016034510307322503","0.0071317905120611425","0.00045403928594334175","0.013706298468450395","0.009257543658357736","0.004225586187054375","0.024467938447011894","0.05357365366059641","0.009379591475213162","0.013000537519280098","0.027200751006394297","0.04004901704224895","0.012571783215133081","-0.017895506573412434","0.06285351931784677","0.032766126122020456","-0.020555530710857806","-0.00043999999999999996"
"2019/04/30","0.050636313198882066","0.03896938711034448","0.049477900297183686","0.04395606611479197","0.03315363854418063","0.011251677957172745","0.004165952575305276","-0.010697707840756743","-0.004288775344906686","0.011186913841588764","0.013805090328378622","0.007774424272047886","0.037245612744019274","0.002061979213187737","0.3155888276660084","0.15670743622369798","0.01020639310689675","-0.00068"
"2019/05/31","-0.08322037827024598","-0.07005813021355323","-0.07396192517214417","-0.08022083917261613","-0.09254983434550201","-0.01370562343326509","0.009078318778681371","0.046196953490057036","0.008951681036820086","-0.01594743766579143","-0.004611546489386664","-0.019420052728416404","-0.10322268939853807","-0.003245313569711028","0.5692025164657633","0.6189809387004046","0.3877101348662144","-0.0005"
"2019/06/30","0.05383949144855671","0.043523588870649776","0.03269492599894441","0.04922662026714941","0.04644087585601553","-0.010180865078577628","-0.0027302519854225382","-0.0053608532630129435","0.007017232761863718","0.020022386768502765","0.017266730580737466","0.0005917616528607894","0.02728803385735068","0.06324915878349247","0.24297603991614403","0.06826464695225676","-0.1094436026916994","-0.00063"
"2019/07/31","0.022797794704032093","-0.012056992017085655","0.01324860966018182","0.008247536276152712","-0.019204226116655843","0.006921323829681025","0.007949333877126596","0.010148195910860691","0.0017644461936655532","0.014956549027473454","0.010123826915962031","0.024741332305239006","0.003057311083045189","0.009056688962111537","-0.06057414966637675","-0.2421359450203422","-0.1843406532924209","-0.0007099999999999999"
"2019/08/31","-0.035980550480035345","-0.03842796570219065","-0.03728968636513241","-0.04123116056870013","-0.05665079609872725","-0.011900371163509504","0.019178332538408505","0.08876511572285017","0.01811486882407786","-0.004347287354132479","0.018534934960299454","0.017164152111759146","-0.06739091469600611","0.05585329520566318","-0.06379234039099524","-0.22665334076029253","-0.20808474380590192","-0.00046"
"2019/09/30","0.033882203568199376","0.04623709824211231","0.05573926800614215","0.03692616445505359","0.03130796009504744","0.012787969053585702","0.0021203117447254893","-0.01302982180258172","-0.014699331624244532","0.00302618865343951","0.00648277526755936","0.03369271363056803","0.029888240225663942","-0.01789137437870858","-0.12662112702858008","0.05767642646588511","0.0013510412491606338","-0.0005899999999999999"
"2019/10/31","0.03010586032250817","0.04198395307480429","0.05592827900123787","0.035432225526572214","0.0499957736714296","0.010981909202765872","0.009721790470197611","-0.0033910513655094343","-0.004775621897151422","0.013628098898747831","0.012314626921640537","0.019176118894558503","0.01586397565669806","0.03355990157125488","0.1178861849502757","0.03077090664566695","0.16701612501596763","-0.00021999999999999998"
"2019/11/30","0.04308487744981049","0.017993647196416385","0.016101793208811666","0.030161679458451163","0.005700162815834409","0.006170908697015864","-0.0002713879249270912","0.0025480129331416634","-0.0043445930806370655","-0.0029142153582634167","0.011427997504149356","-0.006484379654928207","0.010627313368704705","-0.026769777097594094","-0.17170863345629728","-0.16532031547698423","-0.2307306325809011","-0.00043"
"2019/12/31","0.023050688808268438","0.023944173662651336","0.017931569122493274","0.0283835767233247","0.07101675502531912","-0.0042943441674535565","-0.015061136075143144","-0.03762375308732191","-0.0028896913844833672","0.023452336027821152","-0.0005926703837508818","0.0018102015065382115","0.0581362184591494","0.03114401391740773","-0.055221358127338194","-0.15527178256914032","-0.1532429187302221","-0.00037999999999999997"
"2020/01/31","-0.0003669565809998332","-0.02819027833808907","-0.020483325558400156","-0.014348805919178531","-0.06147647557739633","0.005827394753848747","0.03469555743661745","0.07695142937740518","0.004302264789640348","0.012432874124006066","0.024498483614219024","0.012322943770803896","-0.10607448115499174","0.04624531839756618","0.29988792671256803","0.3900593960652945","0.24027595776829247","-0.00032"
"2020/02/29","-0.07254348608662542","-0.07101943373704978","-0.08866585040097619","-0.06824120891080676","-0.03083817470216743","0.01602120446536337","0.03702199341414181","0.07393284276538936","0.010649764605178741","-0.005436426264874283","0.01818391453228152","-0.06357868001052924","-0.07135402012607539","0.0005522552025887251","-0.07370447904118338","0.22907067307643003","-0.0266574338429304","-0.00016"
"2020/03/31","-0.13783941001940847","-0.15379491298369774","-0.09591553156979371","-0.14693058384104163","-0.1701815711707224","-0.0025620946564329783","0.021856472589541598","0.04800370015110156","-0.01987219690260167","-0.16231486866843114","-0.07700188767255522","-0.20586311418079806","-0.31420747762410717","-0.014818529506957168","-0.26237260256694384","-0.40134274170314355","-0.2561356354827483","-0.00047"
"2020/04/30","0.11211814716049484","0.04421680614111234","0.06598975168881194","0.08380332391051715","0.05938223887894423","-0.010500076306533934","-0.010473812503588475","-0.0011611563085525134","0.006519715949002025","0.030158487892761876","0.03462853127392718","0.07524835463524693","-0.10019930101585206","0.05491087193381117","0.32704106192384486","0.5334850581539519","0.20274418670258387","-0.00035999999999999997"
"2020/05/31","0.05779665099806697","0.06448442639085261","0.08333341116769488","0.061114443198864166","0.03972652088938555","0.00889803713795101","0.012995501979153001","-0.008101091666401938","-0.007199351290420708","0.07301143188167702","0.03453004742900445","0.027200773497134678","0.16923951342572674","0.03601287542891929","0.10327103096394152","0.12336918270115294","-0.037078907327622646","-0.00047"
"2020/06/30","0.017233238079571223","0.034602266867804765","0.019340568176429596","0.028898763829061647","0.06552415048786808","-0.00026188042920338717","-0.00006545005512748059","0.0028728744651487226","-0.007614074599509135","0.029258423727022587","0.020772801451814926","0.02374475503455087","0.05548820908313834","0.027322051228354294","-0.03462242663328319","-0.020660782436573766","-0.13367072310136108","-0.00048"
"2020/07/31","0.030281654751118436","-0.008157448202622986","-0.023252450396251123","0.02511403904788123","0.05327177247557513","-0.02610874897029647","-0.018708681549887696","0.01613350826975135","0.004019606199632486","0.010509601712291206","0.0031444399500686337","0.008415813776444736","0.008634861180287334","0.08007171097302579","0.20568218525280124","0.48561976173992427","0.4323569909980973","-0.00028000000000000003"
"2020/08/31","0.0785038083732299","0.05574341518581605","0.06421210577386116","0.06888427193564817","0.03724903118192624","0.007906066287432623","-0.0016386470486884352","-0.04273754311898781","-0.0072836007530654445","0.015452053328512294","-0.0097883601594968","0.012598252069376814","0.055029086864800236","0.0033280540936044822","0.039954425021097695","0.26932398785039435","0.09716054261083107","-0.00035000000000000005"
"2020/09/30","-0.036267068324378204","-0.01927063671874185","0.00759483073420153","-0.028321999388564945","-0.008893549326044137","0.001211162123577969","0.004504361389067846","0.008966980537188807","0.0033015876032489455","-0.019616227214862225","-0.003180727258464855","-0.0254533009179454","-0.04327644745027237","-0.04038418155671364","-0.07560658861022074","-0.17169706793023232","-0.14084897894661885","-0.00054"
"2020/10/31","-0.03517664508452867","-0.045638858142529326","-0.008375292796521383","-0.03254328093565684","0.003409553391359621","-0.0109630899109453","-0.024168253781529092","-0.04400210507872515","0.000007955698126727029","-0.015016909484365626","-0.015555091287210776","-0.04020469807138072","-0.04456202918814545","-0.016005273778511464","0.2644292123665748","0.06276453659666625","-0.018853707516237717","-0.0002"
"2020/11/30","0.10377141339418139","0.1375358454886817","0.1499155985085978","0.11256395855805912","0.08499255712082854","-0.004295233934628495","-0.001145777561666561","0.01204943053289731","-0.00036614862224504385","0.03749361754844216","0.033030772884676374","0.091797837756743","0.1172838690487068","-0.05682045805441416","0.41769419468037094","0.5832441331548346","1.7585170303132256","-0.00032"
"2020/12/31","0.027472902589196213","0.04045792146332272","0.04076395600480143","0.03720723054237518","0.06140309830955282","-0.008831562727763753","-0.011595771157748791","-0.0213961013746351","0.0021991175864222168","0.012123276639008917","-0.007740804629691622","0.01785474772157114","0.048597108858487115","0.05974055626634911","0.46408770978696","0.18890799723953844","-0.6721300423013877","-0.00026"
"2021/01/31","0.0010399667889875452","0.0034446997153232406","0.008468528287187471","0.008224351348823378","0.04344588947397998","0.011579888532848637","0.0003005740764774334","-0.02539436797425687","-0.0025569349830245613","-0.0066281518638572345","-0.0071778594882589974","0.011703283251448982","0.058919318229518014","-0.021008263382656267","0.15476151066990584","0.8025206537863567","1.2647660431294132","-0.00017"
"2021/02/28","0.04838305742363769","0.04284777105879867","0.04618622983257126","0.043367403874245536","0.02805711594986171","0.01943070626652066","-0.004084971713567143","-0.03845655772902179","-0.013230305950647447","-0.01105944628357658","-0.0030652642232700256","0.05495812350506224","0.12510435682617582","-0.044493190049221476","0.3903777151440815","0.0984141790877775","-0.14026270331576718","-0.00016"
"2021/03/31","0.08398070019781168","0.06296504920023538","0.013377987059372654","0.06649643795037496","0.029379456171161555","0.0363287424133969","0.012168186990405117","-0.017482313602716126","0.009683169022465243","0.029352187995308476","0.02158004695523874","0.0903271626458293","0.01724540726461332","0.025552802421390908","0.3534846662934481","0.4047259846199489","0.4340132405509054","-0.00017"
"2021/04/30","0.039537445918726544","0.01644782552464763","-0.012541306684715536","0.029218877307409574","-0.0008551341290508052","-0.01213997739733863","-0.0028161608444575714","0.011932681229130049","0.002587405436129453","0.011023293899657283","-0.002401816658039513","0.06489868392122733","0.06715910103962464","0.023123349935076476","-0.032284248603738686","0.4272509623904073","1.7383564871719006","-0.00012"
"2021/05/31","0.015836552814166627","0.0443534115996751","0.0010026120909576441","0.024064707918850514","0.02584940854869333","0.009818024399990799","0.01349797826906185","0.009231873703558602","0.0003688109826160968","0.018938524573337334","0.015493628143782301","0.017358331154607942","0.0332705418692858","0.08587387497140408","-0.34759179529524886","-0.011992346249442343","-0.33640745735829847","-0.00017"
"2021/06/30","0.02826951888639151","-0.005127696796510928","-0.002003358820437895","0.01839469626801904","0.01527223581233228","0.003989532458071876","0.015998157370364474","0.050157221178972033","0","0.014354759485636581","0.027954874091222992","0.032240135695712935","0.04669715345518366","-0.06501327109440935","-0.056030994640783205","-0.15742526818399016","-0.3212105411941456","-0.00029"
"2021/07/31","0.013976836170419782","-0.0025325761701986416","-0.05166742607131258","-0.0011878301227616905","-0.07390100558933155","-0.008543849520680769","0.00951237303766761","0.02660163067236776","0.007012982159714687","-0.004668698419312722","0.0038583595975749674","0.033571696657630934","0.0027316910625303503","0.014771392276587081","0.17583251241005438","0.103680521000449","0.04784206173248817","-0.00035999999999999997"
"2021/08/31","0.034795327902098494","0.01942790356161761","0.028581605510648478","0.02673770279421861","0.02066438280905536","0.0045637862935192786","0.0009265904488884313","0.0014714692260708873","-0.0007333452637725557","0.013921008865575457","0.0014336133968608777","0.026540019489901256","-0.019153400347997507","0.004017566445888132","0.13864189404417004","0.3605038514938099","0.5959114872440698","-0.00034"
"2021/09/30","-0.029331641230355254","-0.015086451140255641","0.057659032689914014","-0.02491722343240199","-0.021316707093451348","0.01709121722220175","0.001858215964593013","-0.011478207998050216","-0.004403866263172129","-0.008739296779000316","0.0027709283458516865","-0.039725898335474685","0.07891106703054884","-0.014904924426796584","-0.05475001922527267","-0.10998772238214971","-0.1833093087528921","-0.00021999999999999998"
"2021/10/31","0.08622521126629157","0.04727646022257703","-0.020032869520843266","0.06976109514638051","0.025888080467722174","0.011603181209998592","0.010512638620966408","0.04002850789964563","-0.0018416881007995434","0.016627876739703007","0.020398060283294495","0.08740939969568284","0.07460871142393666","0.030806392337909827","0.4212833086942034","0.4499992126123109","0.1861354068059149","-0.00027"
"2021/11/30","-0.006393471505572679","-0.0437675572242191","-0.018096529667919525","-0.021458225203081494","-0.03926118095125475","0.0010831411000347124","0.012593878748822451","0.029415106878494468","0.0022190734656917233","-0.01720215280866433","0.0004663389107559812","-0.01947330808538772","-0.10440284868590155","-0.005725575248551551","-0.06880747808048504","0.08187092945064012","-0.10136146130745494","-0.0004"
"2021/12/31","0.057822140279010004","0.05545792517166914","0.01604088351701427","0.05037175225776647","0.026300257158821116","0.008916580482632108","0.005764562858599165","-0.009297575712483686","-0.002952150350138405","0.03293129806408657","0.010718135268775741","0.10919274317392258","0.08391521651440081","0.04498517643422395","-0.1786969677133058","-0.1960724811684883","-0.1585935630724581","-0.00026"
"2022/01/31","-0.0511029451925189","-0.03468296530294124","-0.06247890467567985","-0.04382095537368946","0.0015245229514939673","-0.005179964781861113","-0.01943764732989528","-0.03747722899848893","-0.007778770521049139","-0.03207236908120681","-0.03425202154779772","-0.08263309725253254","0.119407804690016","-0.01524900371586535","-0.16750940440927398","-0.26874922610586327","-0.25379277679762924","-0.0002"
"2022/02/28","-0.02679734901581876","-0.031585743159177726","-0.01773552971314718","-0.027886536140707796","-0.04052119213772121","-0.0015314074393915078","-0.0002472606725152371","-0.01357351095328374","-0.00934252040175676","-0.05265344332124344","-0.018571834488517625","-0.03212225791732337","0.0914390320376961","0.06404884230766306","0.12553942874632273","0.08894271802458897","0.2666344835118968","-0.00017999999999999998"
"2022/03/31","0.09536553927247593","0.06116090505395011","0.057814946789503496","0.07617445260689437","0.019988382055038834","0.04088370760217708","0.012811889265837095","-0.0017933688974925976","-0.00490385610746058","0.04410446614282648","0.025133164689905563","0.12180914451721558","0.1490243946159031","0.07080057151748864","0.11300673138424755","0.18675318155681553","0.09958078312586616","-0.00008"
"2022/04/30","-0.022054978163870698","-0.00020942663784628834","-0.035517293709242725","-0.014452602882892962","0.006265883061361999","0.066709861096099","0.02670823762291974","-0.028990681091684678","-0.0018901605006140798","0.0005102403899195362","0.00021817573301841087","0.02821340622647117","0.12078727787424515","0.04904167317381081","-0.11214516714760692","-0.10811114870537519","-0.2273373394732714","-0.00012"
"2022/05/31","-0.0209352403273928","-0.003642787290951799","0.016088706428878607","-0.01877404032192309","-0.01714730399563691","-0.01731632514837922","-0.017099656442492117","-0.04515201019201143","-0.0030442954121577825","-0.015218855846085733","-0.004932686582738821","-0.06890981162020104","0.032963135662500864","-0.05485307289379837","-0.17654171154743714","-0.30503585299951064","-0.29805625258637136","-0.00017999999999999998"
"2022/06/30","-0.01923686271376246","-0.024801784755530187","-0.03201968848014414","-0.017749944403712248","0.013774989456190267","0.06255247418195475","0.05967607160376742","0.055281801351450444","-0.014885478130572394","0.0031243045970097416","0.030181177940271642","-0.010716335767547047","-0.01390917164757588","0.0517392316989842","-0.334807669544409","-0.4126422089592261","-0.16019376844990807","-0.00037999999999999997"
"2022/07/31","0.0745612416635455","0.03481075380991738","0.05454629498025221","0.053505257995727806","-0.019483421866064887","-0.01201519817415686","0.013091472391888237","0.00787199047878162","0.009755168456381247","0.019402159718958645","0.02768270124698846","0.06872874942179363","-0.02328936092701095","-0.04071149254061723","0.16061156111484598","0.5502050988005527","0.12944522700349737","-0.00012"
"2022/08/31","-0.00984848297135743","-0.03087256526034321","0.01106035350100476","-0.012781101242861692","0.01857867940078517","0.02390845711812939","-0.0075122448341470305","-0.014730565222652925","-0.0019280280633671154","0.004319288283910039","-0.013450566471174263","-0.02979547683337902","0.0016575246124663767","0.0017184533518252998","-0.11313102752149595","-0.04620528959726811","-0.1104133000380324","-0.00017999999999999998"
"2022/09/30","-0.055177885745162136","-0.05494313170393661","-0.0717137285184759","-0.056740023511506865","-0.07906864455785456","0.02865101546419968","-0.008229990991356795","-0.044668686686023085","-0.01506975221879936","-0.027386642176499887","-0.021190127935123426","-0.09293430716662932","-0.03707406686405568","0.011237128085401782","0.008976518324634863","-0.11017282797418337","0.5233950540427359","-0.00049"
"2022/10/31","0.10658699511087932","0.08370631127415273","0.06565654642571594","0.08836650097474918","0.003163803580980451","0.02212212721655904","0.008528886561852689","-0.03763125233803266","-0.004321840969616297","0.021738854633214455","0.015782089346854322","0.059280060441498694","0.0865640841880293","0.005556996921468604","0.07944567288921589","0.212015185731959","-0.006153653205379195","-0.0005"
"2022/11/30","-0.009159938326930406","0.06226214300947741","0.014920068431622635","0.016908491697759098","0.0849895615564582","-0.05482918284768645","-0.027434876385025397","0.0057827683202804625","-0.007106124197963082","0.033244305598283175","0.0010578221506367669","-0.0036508767891981764","-0.07251084632931426","0.01804152699766548","-0.21371975563414147","-0.22668150764652073","-0.1765233722309395","-0.00067"
"2022/12/31","-0.09721936997559877","-0.059379708857143165","-0.06606711380463637","-0.08617591749671871","-0.06727937284321373","-0.04088520137204754","-0.05626774022110692","-0.06711187417043996","-0.017494936040110987","-0.0550275283472087","-0.05687188749198657","-0.09024050473892087","-0.05798617254833616","-0.013785815632380904","-0.07666735007383141","-0.11514839064506666","-0.20329443348664045","-0.00066"
"2023/01/31","0.04339946233003955","0.07005077441125263","0.04666673026317114","0.055336254467237556","0.0712841580125998","-0.01071527844180109","0.0168198404412927","0.056699859595242375","-0.004049685423196281","0.020194042323220973","0.03231722017620031","0.08378271438236551","-0.019259673224026663","0.03842519249703824","0.3727169066139344","0.3013735968700173","0.17359182382012528","-0.0002"
"2023/02/28","0.018475188176728663","0.012619469149521612","0.004423228406212676","0.010051573635813993","-0.034320135221753034","0.03632320952263379","0.01057159747498626","-0.005932778690453944","0.016286876662013006","0.01662007677805022","0.0011865622745996784","-0.01652368971279683","0.0004114499432277263","-0.011506016485677839","0.045107187259076253","0.05749131365495441","-0.030424661461057934","-0.00018999999999999998"
"2023/03/31","0.013371718453028203","0.0077167091290015755","0.03188293061308123","0.009705711383093174","0.008579727141409643","-0.006755732754477717","0.01350132119974945","0.024428419948476998","0.024439191082323175","-0.006519962550522562","0.014746846185044182","-0.04392018972164058","-0.03199955517236541","0.054759655413939345","0.20218969899107453","0.10864864182082745","0.39515557315214145","-0.00017"
"2023/04/30","0.020558923403661833","0.034006973297275644","0.029020161770438646","0.020269242031102586","-0.0038886945223028935","0.006962600760104021","0.01269649285473462","0.007911002666806777","0.0004132202352948866","0.007224906838346312","0.010579087143747667","0.0076571285922160115","-0.005972555450644457","0.013651224671867412","0.03238873281284449","0.03478049681639739","-0.11890404337869576","-0.00015"
"2023/05/31","0.04959082729128639","0.00290308503758685","0.0703385434452155","0.03382252883831316","0.019669770887456917","0.04083024845005312","0.029740814235604596","0.013264852440601826","0.002351106176996298","0.03234744887499863","0.026286840360078223","0.0033783108775862214","-0.02030071045917592","0.030638014221383125","-0.028377905573502837","0.0432125335348581","0.14442424236420726","-0.0005099999999999999"
"2023/06/30","0.1027934166598321","0.08197705115129139","0.07687537067131078","0.09558851857647954","0.0812396902904986","0.030558728758311338","0.022680820611288288","0.0379299539055884","0.003909384903626245","0.061602205448384684","0.04407124336260693","0.09398477648185799","0.08116938985202249","0.013130352522134459","0.15962979394536103","0.06831839788326732","-0.05109273574310458","-0.00066"
"2023/07/31","0.0040436555761951265","-0.0014966552233507402","-0.0008942958668188838","0.007180766749609768","0.030956063119192523","-0.024822468891082528","-0.034115919846581466","-0.05251601525020011","-0.02494244188070993","-0.011019157178345562","-0.027257074512577528","-0.008000637513844056","0.07747308405808306","-0.006139556371930754","-0.06756370654564481","-0.0665175488226859","0.4326224424335605","-0.00046"
"2023/08/31","0.021076052207469997","-0.0028986131634426426","-0.01700389822029802","0.007763935402315125","-0.03083940555537623","0.0422036619409365","0.030358391708532828","0.005331605137504969","-0.010800011096903761","0.01878626302283326","0.025187880889376846","0.0028839038596855104","0.04274990003288193","0.02538878051929072","-0.0791881951715091","-0.07977755917722018","-0.240994856794693","-0.00063"
"2023/09/30","-0.026322625292391266","-0.015133640630784373","-0.015508469329254537","-0.021583387482216554","-0.009673339501973022","0.02135628680627244","-0.009920742222405243","-0.059110337644730504","-0.00849166263666401","-0.011856942778318613","-0.014198085358245849","-0.05208434951239471","0.06031754771584774","-0.02678942713730814","0.06301747593930829","0.03801612929591247","0.031380211959824544","-0.00054"
"2023/10/31","-0.02318934032604003","-0.030488735745756834","-0.03150554138071349","-0.026916140264027222","-0.03440157937180266","0.001811882762363437","-0.020761791722947454","-0.05606286636364055","-0.025735953604642203","-0.013385478724101785","-0.025596040719826796","-0.03767344524799965","-0.040548060844691425","0.07268099442241849","0.2835739137979836","0.08529874531918025","0.16291755244165107","-0.0002"
"2023/11/30","0.07617907430193926","0.06715000601015175","0.08414130833015454","0.0737385105990862","0.06295053258243932","-0.0035220685678849506","0.03101628967453518","0.0839647566877264","0.027684562872711593","0.04761652387010695","0.06079617972456086","0.10524303756345321","-0.05720575620455137","0.01102589048628655","0.07271658123809366","0.11427486766210615","-0.003914405400275656","-0.00015"
"2023/12/31","0.005767208954205794","0.013322266923800674","0","0.008145938572390987","-0.0038531845006863907","-0.027533126027403765","-0.001862832723399932","0.04539761941214593","0.008571484338483204","0.005601897426288804","0.008746955283816638","0.052703771628908935","-0.06698344356489616","-0.025917387578750506","0.07796241053949204","0.06912606155767098","-0.024531345004062177","-0.00012"
"2024/01/31","0.058587930066517524","0.03729091299811382","0.08597811178837755","0.04485957826040421","-0.005170429411740507","0.04529485776510267","0.04274935777010391","0.01859833992760307","-0.013795034492424363","0.029356956178507865","0.03737845743661361","-0.010720450397353254","0.0877031810900144","0.027576159353775997","0.04981810473114168","0.0424827531214691","-0.1473598371123358","-0.00014000000000000001"
"2024/02/29","0.07565537252423837","0.052833290074490336","0.08049938332539197","0.0683859055646161","0.06491169168247857","0.018342751386866807","0.0010136884973335203","-0.0007196965768606622","0.005345694768357889","0.030320894105003715","0.0025534303361465227","0.04253402109683324","0.031092305188030078","0.026554210174885684","0.4692240145329949","0.49677689334356634","0.19119839310099995","-0.00006"
"2024/03/31","0.03807609304523418","0.03916622812858339","0.03589869043536775","0.03800371629223531","0.03260261423753086","0.008657568445708863","0.012574207041557317","0.01307342852744453","0.0004087679124893384","0.025281360568256694","0.02069410165987784","0.024815768712467934","0.0499430062913635","0.09259021653975497","0.17167900964596083","0.09722549481474152","0.07875229862273625","0.00021999999999999998"
"2024/04/30","-0.009432960704165327","-0.0012914362473473995","-0.04913357841866561","-0.004461815927387702","0.029922834521274755","0.027625455204827842","-0.0001205510627680928","-0.03444789275548432","-0.016784059410302365","0.007288391822783735","-0.0012898745415468316","-0.04981276928889233","0.042010233462309365","0.06387959744142258","-0.12259624219594434","-0.14765416218437877","-0.17969046552879187","0.00077"
"2024/05/31","0.054874257357937495","0.05489679146856452","0.003494874326997355","0.05002914473640363","0.023684715297346726","0.011312371420624245","0.022162905208954697","0.03307563667050828","-0.02505215848827702","0.03024631504410813","0.026315528278080924","0.04987158999946173","-0.010339858775744837","0.020088509130205656","0.11759286811548142","0.25333265778772973","0.039698232381240484","0.00077"
"2024/06/30","0.05990998163409156","0.005088359778615104","0.028358135136746343","0.0446534134262333","0.05059369843115147","0.029362967182424926","0.03624995771224859","0.0423942253249161","0.0025696324655337666","0.021400726371386236","0.02989597471260841","0.04299264645264911","0.033118853563631756","0.02239409258895919","-0.04922065965624256","-0.06528337665386152","-0.05987830638236902","0.00077"
"2024/07/31","-0.03838701932091537","-0.025268847724960186","-0.010650810555431378","-0.035268441084272406","-0.041861075780930346","-0.03868414653308383","-0.02236532908202027","-0.015403774814991111","-0.0008400663120265994","-0.024537559614725812","-0.024827530137640608","0.025540447734188065","-0.07734432086382925","0.0013657774194970607","-0.020470047924783352","-0.10568630249359978","0.24675204697558017","0.00078"
"2024/08/31","-0.02878463059935954","-0.020017862114387275","-0.012903313390324467","-0.027260514424042315","-0.0416791935242945","-0.042494575582325944","-0.038187653312274916","-0.030923008668879093","0.01757388013996053","-0.02945138932723812","-0.03320762623311957","-0.0014133645573276565","-0.07169636812695035","-0.030871907078120486","-0.13392963768460986","-0.2618093281917494","-0.13861134787161822","0.00227"
"2024/09/30","0.0061571203054102686","-0.0068227314157532915","-0.010809522427486229","0.007108004739585949","0.042036071993950985","-0.006922421152803393","-0.0009180314729431149","0.0051614991052961745","0.0008424366977028974","0.005310615584116274","0.004801821753648072","0.017679148829304214","-0.016415566426373096","0.035898120894022556","0.05831215931505107","0.020615603657876846","0.06407519110684734","0.00227"
"2024/10/31","0.06341003082800056","0.016403885654202588","0.029987360313264766","0.05054679582437194","0.03999515086392158","0.06629142829917756","0.036638819418020274","0.014454556236762617","-0.008417380960806464","0.04679191080748146","0.03887054541654966","0.03696898898565881","0.08831312201221975","0.11918574818360939","0.1896482584112631","0.03701474314061515","-0.10644199065293569","0.00227"
"2024/11/30","0.04559279547460626","-0.016364111165293016","-0.022205766007514893","0.02654007290970628","-0.039667266318769046","-0.010328808529661893","-0.0031763743908818087","0.006359040995752796","-0.006382960698329221","0.004762498541994731","0.0044211413435348845","0.028777073589072222","-0.020662496788075413","-0.04351519452348018","0.35542009125739416","0.4534560025936176","2.7671277822020723","0.00227"
"2024/12/31","0.013518942800786693","0.007867617879034672","0.0464295107350734","0.01089950483965585","0.020885116080924693","0.04110647796340472","0.015051959800995274","-0.02776212730226313","-0.0008566707183915723","0.015365454077568286","0.010716989821602851","-0.04844030656125975","0.06945418053073205","0.023211847922041562","0.0059893522533900345","-0.06607472766028577","0.11115711893797275","0.00227"
"2025/01/31","0.007901446047222871","0.028664066272395372","-0.008439897474927682","0.012365417486141173","0.00266439176841593","-0.014747726627065583","-0.012407598512290563","-0.013626073858062693","-0.005998103212261574","-0.0018133640156726694","-0.012763093644892032","-0.0022618655064297055","0.015355985637054648","0.04815320481806129","0.07583828016372607","-0.028551803070983817","0.43231027997939653","0.00293"
"2025/02/28","-0.03886761098234426","0.002238442265901641","-0.06031117346532988","-0.02940112411795759","-0.015343318047281174","-0.01935199857092551","0.0007456313692266736","0.028951434935914122","-0.012964441095335899","-0.005756035348679189","-0.003424592386847669","0.009506147943435739","-0.04077449972591529","-0.008096407377128245","-0.19792668389352996","-0.33947701724324597","-0.31188539063300036","0.0047799999999999995"
"2025/03/31","-0.05820554361992303","-0.0007992479916840711","-0.033126286451788056","-0.039282164088404126","0.00867717759125508","0.0017621690599849416","0.0007771789043373722","-0.01464831327379279","-0.01269701000983281","-0.014103817435404231","-0.007245690956501738","-0.028442750600141342","0.023436023949415352","0.09160489420113338","-0.02419552395981961","-0.18732991566274704","-0.02852400216224016","0.00477"
"2025/04/30","-0.05715771392228852","-0.013768028744641558","0.009903520995882209","-0.044008633843676814","-0.04760581264852992","-0.04118272361334896","-0.03886692543535453","-0.06185083210588316","0.0031041831204854375","-0.051336905728733395","-0.051485556012296874","-0.07212678888049195","-0.13328573930946608","0.002869139135053489","0.08541078075969355","-0.06440489157629625","-0.002647289684006071","0.00477"
"2025/05/31","0.07389935903968947","0.05880451576880574","0.05618882592909524","0.06792075441659895","0.05103836826008723","0.007827846224884416","-0.002124150381400902","-0.022039529084537546","-0.01949477015501211","0.022156689088016934","0.012486471229403495","0.021725147177236392","0.030852200804398988","0.010238217825023543","0.12227386286169262","0.42458845593081485","0.002794943570443964","0.00477"
"2025/06/30","0.05678270229471316","0.02921795796973825","0.06449174217758746","0.053444343687007345","0.07551257444388959","0.011013669469627896","0.0212342992879051","0.03191005208251352","0.007229851829127609","0.032156873827451804","0.026064175452004124","0.012053148473880393","0.04643968480648297","0.008366847430367086","0.029120831174159978","-0.01180682023945867","0.03456504186078724","0.00477"
"2025/07/31","0.05636633065816876","0.01098327236911345","0.016613861480030856","0.0435043721911621","0.03943405476292794","0.031634472027520566","0.026451766315599645","0.02081644544351513","-0.013457639786957798","0.039637057922512264","0.031657688910853965","0.03351184703461629","0.06819067818022262","0.026788907387604644","0.11569272300907252","0.5351769505851034","0.39530696401487253","0.0047799999999999995"
"2025/08/31","0.00386021568083339","0.028183965941591893","0.04060429967825363","0.010016124500186852","0.010009736800710822","-0.007593718621250689","-0.00011159147647710199","-0.016199156269814385","-0.006840045624341484","0.0013471510599107894","-0.006058993221398357","0.017884862298066295","-0.017618521910561902","0.032692962794712566","-0.0802394700241097","0.16816245363717486","-0.09713695666497679","0.00477"
"2025/09/30","0.04835500219255584","0.03321077493384794","0.0578494149808364","0.04871005154891117","0.08416834978954113","0.015208911539540848","0.01888759702268672","0.04864768550719645","0.003213952290013422","0.028196385944492697","0.031299804602022085","0.012879914010319071","0.021187975000680703","0.13156400927987622","0.0667229197367436","-0.04398172760565644","0.03792260947650394","0.00477"
"2025/10/31","0.06038935080028818","0.04812448408476366","0.16641641681933184","0.05945088239800267","0.0725517802889899","0.039157635696722703","0.04306756676634249","0.05000514893308261","0.002310603875961048","0.05616438036851057","0.03724910454164099","0.01032410276349971","0.0465224369472752","0.07299027960794069","-0.005161104612155798","-0.03896145009496066","-0.0873339140809194","0.00477"
"2025/11/30","0.0174708571951514","0.02301366540018801","-0.04173557465557631","0.015921494630839916","-0.0025055170929634274","0.019946760478267045","0.025525067120076406","0.018256061432710968","-0.014658797072189533","0.020533708507429083","0.024946539519643318","0.04008637587362385","0.018115793809073466","0.06963937695703559","-0.1621231439247891","-0.2101900916896019","-0.12527887542963712","0.0047799999999999995"
"2025/12/31","0.0016235618697237886","0.027952465060685494","0.003837303196534636","0.009761290716147952","0.022436343942983328","0.0037753905510387042","-0.0067928725434125425","-0.025782584094629524","-0.0213853563044738","0.0039916956154424366","-0.006555302675719021","-0.021555656710553928","-0.00820658006620123","0.023007085433409236","-0.03112202477158399","-0.007561861105607082","-0.1478390909487698","0.00557"
"2026/01/31","-0.0063531926196274124","0.027243074613043206","0.05867734653045398","0.0069674931205288","0.05778878754727934","-0.018774635464110068","-0.023024670703546635","-0.02112197805686744","-0.014277848034319751","-0.01773354912899061","-0.01740793946399355","0.004777479070137147","0.08197774692069704","0.10021482692664985","-0.12023729275821038","-0.1930431273197769","-0.12429669555749567","0.00728"
"2026/02/28","0.008814578102583903","0.06447895908451184","0.10344827832199432","0.03075718884040257","0.07752892864813532","0.023020235462577476","0.04274340828855561","0.064762391258816","0.019816412526852067","0.034169520197903314","0.03163110989131823","0.0724116819247409","0.03677875264456287","0.10542216707287388","-0.13285927550277776","-0.18217687467182753","-0.14828017525650283","0.00728"
"2026/03/31","-0.025092400617631294","-0.05473948450526378","-0.12499995959380461","-0.03714760900632197","-0.06933662834788945","0.02076446321731873","0.0017538345255041499","-0.01783240658207952","-0.024170641875285837","-0.010245910917934031","0.004290913410628816","-0.03920374285324302","0.2740350497164237","-0.08738885601054491","0.044491290161571495","0.09843537172866013","-0.0019807995073043427","0.00728"
"2026/04/30","0.10742407436747703","0.055694141919095275","0.1591248544915247","0.09752963922699354","0.1292009062310786","0.004057038803287005","0.0006394544892451837","-0.006268721556911827","-0.008756322078735002","0.027072108789073956","0.004971071430281304","0.08835090815611069","0.06864486151740623","-0.012745394688920997","0.12068517147826507","0.07430229400401345","0.02246236027065751","0.0072699999999999996"
"2026/05/31","0.04661952071211606","0.01839353019038925","0.11808351553088015","0.04022292916662873","0.06592543060296019","-0.004944218795248867","-0.005894977449278804","-0.0004025823784932214","-0.008845224485483638","0.0051345830710198825","0.002868314986551379","-0.012208802471891378","-0.08058881406128249","-0.02127578640400629","-0.04120965372572594","-0.11671853402031507","-0.03196172291612176","0.0072699999999999996"
"2026/06/30","0.006193220458847959","0.023679152158792016","0.06059733626078834","0.01312913608676225","0.019111192280209854","0.017314003551086588","0.019211429939564928","0.028510859447906434","0","0.02107216870387596","0.01780495103290569","0.03344150616675878","-0.08564785020568877","-0.10202605161301337","-0.19088690356309523","-0.2038638290121202","-0.207007656476905","0.008409999999999999"
"2026/07/31","-0.01040139954288044","0.005443341865567497","-0.08407871198568873","-0.014149116186333743","-0.07321605895516592","-0.009199268452326659","-0.024483907582186992","-0.05500276890230604","-0.010411449984745302","-0.024960442950330064","-0.03293602054176559","0.015106217971216696","0.10824134350166492","-0.0020992951116158842","0.061133322172513216","0.17251134741142682","0.010312293902473346","0.00978"
"2026/08/31","0.026408310020282544","0.017324052497956766","0.03109975961538458","0.02677751250117022","0.045318713487227935","0.0013432835345148497","0.0007846081458797727","0.006940586603182419","-0.005527638190954809","0.005176900376796967","0.003568796934352303","-0.025737462978795644","0.06170529671226155","0.09857057496272303","0.25002444475309793","0.3254958540783497","0.299837203121994","0.00977"
"2026/09/30","-0.020211990464039653","-0.049543751385166535","0.014425178493370217","-0.02865961137229045","-0.020347972423383043","-0.022344348663951852","-0.04993063577623302","-0.06988955180970358","-0.006063668519454279","-0.05360507548321303","-0.05030397888150018","-0.07846586816478585","0.02751157264769022","-0.08285398748642125","0.04566515944297933","0.0694436784649588","0.060970555831758144","0.00977"