"Date","米国株","先進国株（米国除き）","日本株","新興国株","米国債券総合","新興国国債","コモディティ","ゴールド","ビットコイン","短期金利"
"2005/10/31","0.0019926010903510427","-0.006412823147657676","0.002447052631654234","-0.038783663331181106","0.016093768559238608","0.010962660974152438","-0.08033934709670143","0.019028311605800985","#N/A","0.00001"
"2005/11/30","0.07335971805869446","0.051931048951130654","0.09278668948431323","0.0876608424012506","0.032020442619181244","0.0426443340111744","-0.012035678345638345","0.08724396265009982","#N/A","0.00001"
"2005/12/31","-0.016419904022334286","0.036538986181065436","0.08341085089146816","0.04563783773191843","-0.0033569639432973197","0.003173433223021771","0.013118234971466691","0.03740659120762979","#N/A","0.00001"
"2006/01/31","0.018199083571068586","0.05170808176191177","0.0331682622467222","0.13549747989433292","-0.0062721242741072825","0.0060765356734775455","0.03679433705325352","0.09158112150841236","#N/A","0.00001"
"2006/02/28","-0.007305837185181185","-0.019866243378112713","-0.02644019086297733","-0.050957817945552875","-0.011370259052515208","0.008829742665420914","-0.1133076959543623","-0.025818699656647848","#N/A","0.00001"
"2006/03/31","0.03379790584517406","0.057746480842235215","0.05671558643824137","0.039053741515490126","0.00819103519153419","-0.0010147532492044142","0.06855500449223961","0.056569125446001456","#N/A","0.00002"
"2006/04/30","-0.02124868951735248","0.012844269484755255","-0.008750731967523184","0.02951399902056928","-0.03489771711303824","-0.03393466212828089","0.027152728116348612","0.08190306978351392","#N/A","0.00002"
"2006/05/31","-0.04111310029107562","-0.04911902035572102","-0.08433163068068728","-0.12149797060424639","-0.01329733601133376","-0.032578063600895324","-0.0195601382256686","-0.026198581648820385","#N/A","0.0002"
"2006/06/30","0.02007124598681509","0.016795709255520874","0.0026230687656212393","0.01958934503401144","0.01578085639057747","0.014288081263256203","0.02860860348704608","-0.029649867283703224","#N/A","0.00035999999999999997"
"2006/07/31","0.004653823483327768","0.008281257336552716","-0.00319862362633605","0.023607639140250436","0.01406727965559118","0.03399209241112833","0.019604811132303057","0.03333421111201251","#N/A","0.00155"
"2006/08/31","0.04725446333218741","0.05100823527585585","0.04428889862352148","0.04109921844273967","0.041194233786451706","0.05121043245177259","-0.04821669354348501","0.00965944888222503","#N/A","0.0025"
"2006/09/30","0.03225188659321132","0.007342857549767823","0.0025198729471802572","-0.0036390310331788633","0.01527925325778412","0.00997121167232029","-0.10279906669974193","-0.04004659290475687","#N/A","0.00261"
"2006/10/31","0.021285323201739592","0.02720040310880445","0.01679791467576175","0.05996091901719636","-0.0031293116990740444","0.010046207916440508","-0.03510012712025656","0.00022838073492637","#N/A","0.00254"
"2006/11/30","0.010192456498361313","0.020933521820162504","-0.007477095268537237","0.04977273199147536","0.0010138810091413486","0.0029222957432144536","0.04002052586404292","0.06116307403020027","#N/A","0.0025700000000000002"
"2006/12/31","0.042279328852458775","0.06141092538959536","0.05868464073549218","0.08468215126425371","0.022351066715493362","0.036316062451714703","-0.042669519240019826","0.009846810011852725","#N/A","0.00255"
"2007/01/31","0.03005530198038131","0.02892907810511014","0.008951078017734648","0.015948250417473497","0.014080206125276273","0.011470685967876149","-0.011039655358438538","0.040463044956201344","#N/A","0.00267"
"2007/02/28","-0.03593879321979376","-0.017839435821113248","0.012845699882722439","-0.048479556902328635","-0.0006647058667781369","-0.0002091049387149546","0.01986646049324503","0.008069145372423536","#N/A","0.00357"
"2007/03/31","0.003750862429434232","0.021022182155004066","-0.01365097779160318","0.045183423249868016","-0.009685254872952354","0.00138061600422823","0.016751309475569576","-0.017450274273342448","#N/A","0.00509"
"2007/04/30","0.05803530762288123","0.051133236528765114","0.0065746481964614745","0.05089959528840726","0.019132700443934336","0.019776688013306565","0.017795319735963044","0.03424173191562141","#N/A","0.00511"
"2007/05/31","0.054623261591826955","0.04411930289177857","0.0274703823927005","0.07168330207273588","0.010667512082627395","0.014547679790755552","0.008034742997858002","-0.004414575271395993","#N/A","0.00521"
"2007/06/30","-0.0032093016578620404","0.008335318646816248","0.01482191673638078","0.04879039741219571","0.007769171986730772","-0.010864961105132354","0.04325445374241155","-0.006617764123142411","#N/A","0.0051"
"2007/07/31","-0.06859179152762407","-0.06050923085588178","-0.04912415967385031","-0.031620239147891804","-0.028168059916843124","-0.04943378669180665","0.007450620685042653","-0.01609452852683524","#N/A","0.00499"
"2007/08/31","-0.009832235943247447","-0.02857174978508581","-0.03926606197531035","-0.012201529253331178","-0.009869973076776395","-0.01092082347913692","-0.05356004696142724","-0.011550139656497094","#N/A","0.00485"
"2007/09/30","0.02947302519047179","0.04380482960072718","0.017497106745762547","0.10578878045203166","-0.002624156271358258","0.015252158629619705","0.08469445832752864","0.09506178058977133","#N/A","0.0051"
"2007/10/31","0.01930860611700358","0.048404952462826056","-0.002954855086543695","0.1250392562255518","0.015800856959721887","0.0324526934217273","0.06600067218561745","0.0735470712843369","#N/A","0.00506"
"2007/11/30","-0.06897293577053176","-0.06655532009469978","-0.0628598030830455","-0.10555183193083251","-0.013990269140728984","-0.03532965313044378","-0.03591379029353736","-0.045136391615476223","#N/A","0.005"
"2007/12/31","-0.012233492803491064","-0.0307679322497304","-0.02294670495677764","-0.015036883549959468","-0.0010765580881929582","0.005207823231829112","0.05863153418440081","0.06296097641963327","#N/A","0.00497"
"2008/01/31","-0.10589432074838845","-0.12303306152420468","-0.11147689523541626","-0.13326377553590785","-0.02634573590610656","-0.03934280718538108","-0.05268709261807103","0.056099197466845","#N/A","0.00502"
"2008/02/29","-0.04858895672474006","-0.03334097968964522","0.0010092690258767245","-0.003873115387298731","-0.024913553166947655","-0.027320745162437654","0.08659244339640049","0.028524117274395078","#N/A","0.00504"
"2008/03/31","-0.046380677055954944","-0.033744234818754104","-0.07133606258575553","-0.07388867692593204","-0.03652777344219049","-0.03688018590087472","-0.0468363126756145","-0.09459452288210213","#N/A","0.00511"
"2008/04/30","0.0906079008152536","0.09760156762641592","0.10400805272242741","0.13612017231509355","0.04440137987108117","0.053085074732566406","0.12627145382132365","-0.006999518282831074","#N/A","0.00506"
"2008/05/31","0.03032216792941611","0.027029207856302806","0.03472194734449929","0.04709106436630939","0.0021376606698939593","0.016040095099973728","0.10091216448948526","0.0264798231988157","#N/A","0.00505"
"2008/06/30","-0.07819033536636588","-0.08250777608805948","-0.058475401272675476","-0.08736289996442881","0.004016596797957739","-0.014051279029116515","0.10972361302528255","0.04911563899859184","#N/A","0.00509"
"2008/07/31","0.0067964719050011","-0.01780573063533808","-0.0073596321444857615","-0.03999105905403877","0.019927234493815282","0.023928958959848146","-0.11942293423394323","0.0035644971476944676","#N/A","0.00503"
"2008/08/31","0.02468445929552776","-0.03377221098580452","-0.022528406624931052","-0.05464179913827738","0.01657697957896498","0.0163089360188029","-0.06644014252347041","-0.0821670000561131","#N/A","0.00504"
"2008/09/30","-0.11682142950949359","-0.13650534722290064","-0.13233527400425094","-0.16814819476974363","-0.04215929654945705","-0.09466615943885648","-0.12677084572029174","0.01662872459617848","#N/A","0.0049499999999999995"
"2008/10/31","-0.22523745990350685","-0.2652944753082175","-0.23652162770263074","-0.30931412021087523","-0.09310364582116637","-0.2519195382586491","-0.34724845538548943","-0.22275660282365228","#N/A","0.00487"
"2008/11/30","-0.09739450356973267","-0.09168281625035768","-0.0077747922656855595","-0.12447612131799912","-0.0005264933468012156","0.06296060276155857","-0.17420673074110515","0.08885966662058187","#N/A","0.00301"
"2008/12/31","-0.04148587043599472","0.033395084474098224","0.041697545662194635","0.04730221169937887","0.012455911801474207","0.11726187833324953","-0.1568757149334019","0.023885277658642012","#N/A","0.00211"
"2009/01/31","-0.08970881469825387","-0.14445354028003143","-0.09668723282456226","-0.10041629584451617","-0.02797429014223307","-0.07732891979322998","-0.11087795305063386","0.04551256363396239","#N/A","0.0012"
"2009/02/28","-0.030803064564613458","-0.026922969085962367","-0.04808868206608563","0.017796325512071887","0.07441154297266883","0.025000235074493338","0.019408462836631557","0.10132456683934987","#N/A","0.00111"
"2009/03/31","0.09829225818440301","0.09889947025343404","0.08031078165387817","0.1847904060893324","0.0250119874002821","0.06562139832536018","0.060141925467722235","-0.011007862414380232","#N/A","0.001"
"2009/04/30","0.09623557389076964","0.11203511537724631","0.08992815566465939","0.15231316608402445","0.002308588753920926","0.07422654766569514","-0.018273767442096744","-0.036476266202871144","#N/A","0.00104"
"2009/05/31","0.023490462134186263","0.09452781333773919","0.07040691151018308","0.12110164649464461","-0.026169810082615097","-0.0049924508395365885","0.17487104956342447","0.06594466662950915","#N/A","0.0010199999999999999"
"2009/06/30","0.00878021587399358","-0.004740448409379705","0.04624887763835894","-0.013265450269835277","0.01368851253041603","0.01912573984591459","0.007095452451987505","-0.04329525257518885","#N/A","0.00104"
"2009/07/31","0.05574237380487945","0.08109837691023536","0.022593149706712223","0.09065821571026667","-0.005086416876462052","0.013019669750037544","-0.010361421982359342","0.006670657232065613","#N/A","0.0010199999999999999"
"2009/08/31","0.017545930801804666","0.02548571768626262","0.009606181762122468","-0.03159267310350722","-0.006728050702015764","0.005199219420781054","-0.01448808302706639","-0.01922718610045182","#N/A","0.00106"
"2009/09/30","0.0020086642455832138","0.004435415565800183","-0.030447026674948363","0.0663571683302202","-0.020805221025570142","0.018138904906934927","-0.05522233132541454","0.024443407729295208","#N/A","0.0010199999999999999"
"2009/10/31","-0.01682471325190671","-0.022851601846601954","-0.009813809595290102","-0.032074740789224454","0.004671323123506266","-0.0028883331790577893","0.05074645354201612","0.04034501627200204","#N/A","0.00106"
"2009/11/30","0.016357204057562358","-0.005083066250822665","-0.06640233267479623","0.032549219424290454","-0.030309243789424567","-0.035008971964705204","-0.030314456108580634","0.07925098960797272","#N/A","0.00105"
"2009/12/31","0.09779326828276624","0.08486138858309977","0.1295117677097155","0.11250533827776654","0.05695259517151219","0.0797734117415001","0.0878152384841484","-0.000683970164776726","#N/A","0.00101"
"2010/01/31","-0.06372446149668531","-0.07762671475411975","-0.03571434182691502","-0.10380032338194434","-0.014667083635359845","-0.03366516389135177","-0.10719185660594355","-0.04063076646244068","#N/A","0.00096"
"2010/02/28","0.015784595756713315","-0.01231592552991545","-0.004873253284409573","0.0025544939031916236","-0.012989264856888338","-0.0018523537950161373","0.043337292875079925","0.017017763125255048","#N/A","0.00101"
"2010/03/31","0.11574794988555204","0.11887640523093812","0.10284041742865568","0.1370238055383588","0.051648485227305585","0.07916284199431978","0.058172345093008504","0.04758848383353653","#N/A","0.00097"
"2010/04/30","0.018836043466909924","-0.024823888842797293","-0.002664402940440347","0.0016472945885499524","0.013080299527405748","0.008428943808983513","0.03486967173686373","0.062116848331107866","#N/A","0.0009299999999999999"
"2010/05/31","-0.10535470220327525","-0.13691477522482343","-0.11576133562224644","-0.11942853241990226","-0.017616731183305867","-0.04581702486973427","-0.16027801201796077","0.0010822574382991501","#N/A","0.00091"
"2010/06/30","-0.08044139958634988","-0.05026164346774309","-0.03726072769180744","-0.043829586528433384","-0.013114405622722147","-0.0070481997905024185","-0.029568079555895355","-0.007346552336706558","#N/A","0.00095"
"2010/07/31","0.044260011799235555","0.09098713362255029","0.001045878774237785","0.084360818615975","-0.014148617620865278","0.017113106883464013","0.0337753204169009","-0.07149892079628828","#N/A","0.00094"
"2010/08/31","-0.06606085843059639","-0.05918546035951977","-0.07732502329042534","-0.0537260349348172","-0.00949002555667855","0.003238075130461704","-0.07564448425440895","0.033760009101398536","#N/A","0.00095"
"2010/09/30","0.07968131773994225","0.089754373486028","0.07248013089138516","0.10744656158521937","-0.008988372566104186","0.00689604510697861","0.07048450560517416","0.03797142987468649","#N/A","0.00091"
"2010/10/31","0.012335922699340474","0.012192711051144167","-0.02006314107559226","0.004488197690314832","-0.023430572287672424","-0.005961838730032865","0.003353398957545606","0.011651046880650995","#N/A","0.00091"
"2010/11/30","0.031525813505351774","-0.018232141262137347","0.08189642027897381","0.001555453918157923","0.02291442794917664","-0.014121006251515689","0.04421949619879206","0.05327490551451586","#N/A","0.00091"
"2010/12/31","0.031727159531146576","0.047421280694276424","0.026892299619572402","0.037457724172418994","-0.039456322857769344","-0.02931357951680258","0.054935491977937234","-0.008676032093017039","#N/A","0.0008699999999999999"
"2011/01/31","0.030948386002509043","0.028585715579524384","0.002910142867665666","-0.03122625153337777","0.006615995742575098","-0.0029695985843775086","0.03879156724783983","-0.057033147914169136","#N/A","0.0008500000000000001"
"2011/02/28","0.02885082996575483","0.029607286865710236","0.036750421015932844","-0.006122990359371139","-0.0028008010281415086","-0.0063011324158938065","0.020611157065070218","0.05392389957713872","#N/A","0.0009299999999999999"
"2011/03/31","0.018842775595868888","-0.005609812177169604","-0.07555976799268582","0.08279361201246971","0.016448996686368345","0.03453424843501662","0.054286693306286216","0.035711464154128514","#N/A","0.0008500000000000001"
"2011/04/30","0.0089140941609811","0.035679150224708245","0.013117975385631864","0.007311507303269238","-0.004113190987559023","-0.0027496157962596524","0.022257999548297214","0.06793838471981606","#N/A","0.00062"
"2011/05/31","-0.01909736566258613","-0.029857825568482044","-0.015936168742564538","-0.037138060246399096","0.004326210899624705","0.006389725923688694","-0.07599287257823795","-0.0261630066592351","#N/A","0.0006900000000000001"
"2011/06/30","-0.018936062146736043","-0.014183474718375222","0.013157746844851603","-0.01143728760845042","-0.006544058587407697","0.004107961730793086","-0.061530029076357184","-0.025401642247622758","#N/A","0.0006900000000000001"
"2011/07/31","-0.05618815490643392","-0.05982221485362027","-0.010988728498339762","-0.04683607599839157","-0.020678572372311077","-0.017921162653207645","-0.0064290919599560015","0.04399202420341797","#N/A","0.00073"
"2011/08/31","-0.06748625152682719","-0.09962839581582006","-0.08888905104743738","-0.10456223867607672","0.001766003870789623","-0.008153386710174737","-0.030062761571381102","0.10800848951086484","#N/A","0.0008100000000000001"
"2011/09/30","-0.06864415523654788","-0.10733862069840827","-0.02439020999998276","-0.17826230568993895","0.00854610123164723","-0.04710339586726209","-0.12647608021333479","-0.11093100413435397","#N/A","0.0008"
"2011/10/31","0.09433703720579789","0.081636894766417","0.0318180748076875","0.14715364923038665","-0.012103881108655012","0.03749832392081598","0.08795948837251832","0.04523561527726305","#N/A","0.0008100000000000001"
"2011/11/30","0.025128093290139653","0.006908790176533897","-0.061673873538710566","0.009132997898319228","0.025905440018705095","0.016064309504403518","0.04477057656784944","0.047110406071647404","#N/A","0.00077"
"2011/12/31","0.0065467612084200155","-0.025526599081451162","0.005868494594420293","-0.046344429644065266","0.009654259480621263","0.01518658830190378","-0.02774006156363673","-0.11071528752382698","#N/A","0.00078"
"2012/01/31","0.028872551907365818","0.03508721514335189","0.044340584690765406","0.09134485954899585","-0.009592311666377418","-0.00552836507618315","0.006826341964487614","0.09625587115131085","#N/A","0.0008"
"2012/02/29","0.09970199885969988","0.10489397219234631","0.10055862120537862","0.10951839512128925","0.0538118618835155","0.079996820550845","0.11949551973583494","0.02291979689855661","#N/A","0.0008500000000000001"
"2012/03/31","0.05515933231640635","0.02658012635910545","0.047715861081934374","-0.009544528198569324","0.016421834902834664","0.021038614350950446","-0.008785696505039242","0.009252262298447222","#N/A","0.00084"
"2012/04/30","-0.02989319846493721","-0.04365649699664931","-0.05523253257677618","-0.039973032216047755","-0.014524987227962582","-0.005922775468194308","-0.026743037317133345","-0.025774556442592744","#N/A","0.00075"
"2012/05/31","-0.07605890916252878","-0.1265702253795129","-0.10358971325501165","-0.12226092465099658","-0.006427440208316981","-0.044261725763970805","-0.14266244012269824","-0.07880202636414779","#N/A","0.00084"
"2012/06/30","0.04494242802456627","0.0749196772585472","0.056064157716499086","0.054755562333038466","0.003992167694021331","0.04500993961291333","0.011166731811390607","0.02729848264470469","#N/A","0.0007599999999999999"
"2012/07/31","-0.0036329410890607594","-0.014493218595361124","-0.04767089073978681","-0.015532739476679325","-0.001868455128860913","0.02157501265954287","0.04262426967467925","-0.0051556654040243455","#N/A","0.00084"
"2012/08/31","0.030683548933102545","0.03766870626674246","0.017065248155752277","0.009605396213070216","0.005493093340416033","0.017897196814577354","0.07755898628844626","0.054104467274534995","#N/A","0.00086"
"2012/09/30","0.013338438272644693","0.01509880434108024","0.006711137334491246","0.03986258787944785","-0.009080053303317848","0.00592974427495796","-0.032888735309087425","0.03566011206254416","#N/A","0.0008500000000000001"
"2012/10/31","0.008038594056117843","0.0379591097133507","0.008888840536148468","0.02225180529795945","0.02623838119631028","0.03309405842574198","-0.014588636091137253","-0.0035968294662614975","#N/A","0.0008500000000000001"
"2012/11/30","0.03679477677127019","0.05962936898007709","0.06057296884794128","0.04699395886647095","0.0337501370584572","0.04020071099339528","0.04748570969683619","0.026038783373015573","#N/A","0.00086"
"2012/12/31","0.05571448550884828","0.09220902536877196","0.10384194443774519","0.11755647223888954","0.04379981853484116","0.05384150048331304","0.04096896185355381","0.02127313392911878","#N/A","0.00082"
"2013/01/31","0.11308078339796102","0.0983560317693668","0.06585148178415068","0.05577287669776321","0.05229959868551948","0.028694700048214727","0.10731526266332247","0.053672958046299124","#N/A","0.00083"
"2013/02/28","0.0270230911462912","0.001017410690669296","0.037069598860852926","-0.00907752200614631","0.020075612501497364","0.01676318761683726","-0.03766946358011258","-0.03787160487791197","#N/A","0.0008699999999999999"
"2013/03/31","0.059191034090227745","0.033764362909652235","0.07999989431149945","0.01005234421340373","0.021448901582819424","0.010886921053641307","0.03173304893103279","0.030402373667525184","#N/A","0.00078"
"2013/04/30","0.05896750927201477","0.09115015150076866","0.11977937146952189","0.05163879933255555","0.0490704651578604","0.07606641109259615","-0.011838782003316894","-0.039320926815893165","#N/A","0.0007199999999999999"
"2013/05/31","0.057456883819655635","0.001877716326659895","-0.007740912368872088","-0.016809271031611228","0.012393201189483616","-0.01781503401374973","0.01721863646807531","-0.03100543340254447","#N/A","0.00073"
"2013/06/30","-0.03895263319915798","-0.052038885804020385","-0.006383060166395005","-0.07782998407884745","-0.04120244276246521","-0.06920968978587749","-0.02627065945330631","-0.13233245072906363","#N/A","0.00074"
"2013/07/31","0.0467642140956428","0.04830840650072599","0.0022003913265187247","0.008513711283917313","-0.0019930213707534117","-0.003119380579438058","0.05155849108499133","0.067550336231599","#N/A","0.00073"
"2013/08/31","-0.02726061149438941","-0.016791479920649777","-0.01948033503618163","-0.02263364802659873","-0.005470252805131914","-0.021562082467684318","0.03394194698046782","0.055062123442237265","#N/A","0.00073"
"2013/09/30","0.02676597961500482","0.07314816155590398","0.08462109830414866","0.06699572327030512","0.006422131036049716","0.026634375862673698","-0.03943905722714369","-0.051809236070916254","#N/A","0.0007199999999999999"
"2013/10/31","0.053579708732580666","0.03977966080969164","-0.008819607080794989","0.048948254753595766","0.015335186756364916","0.032477738888224694","-0.0076650165710761","0.0038263010481160986","#N/A","0.0007000000000000001"
"2013/11/30","0.06919978267761251","0.04409797873285193","0.09171783167555825","0.03573348542506993","0.035820625623827596","0.017423493021987646","0.03354229646077167","-0.01976044366942864","#N/A","0.00073"
"2013/12/31","0.052424082486036916","0.04815180268459063","0.04200638315230876","0.021656799029975637","0.020116702120735575","0.028764539647145426","0.039716682519663316","-0.012228252319674393","#N/A","0.00074"
"2014/01/31","-0.05525419739438919","-0.07167037950607524","-0.08543919323117799","-0.10530938832578385","-0.005647034563379005","-0.02870359931077404","-0.042335926046764616","0.011961153177513895","#N/A","0.00073"
"2014/02/28","0.038922882932738156","0.05461833815313555","-0.0032894994478340767","0.02725965111596329","-0.0025653769739798493","0.027923554771286607","0.04135844293140667","0.05790946722071366","#N/A","0.00077"
"2014/03/31","0.015988128563975135","0.003002230838636155","0.003960427160357938","0.046678373875770784","0.006136426056127409","0.019626323997880002","0.0070181375809790225","-0.024521071980930453","#N/A","0.0007199999999999999"
"2014/04/30","0.003770435684772977","0.01345510828373242","-0.034845614129441205","0.0046192379426106545","0.0050324702349624495","0.007394362221111672","0.00681870872237722","0.0016492357259461077","#N/A","0.00065"
"2014/05/31","0.014786644252325898","0.007594298848375924","0.023842151372369003","0.021046783360760157","0.0034643763699659935","0.026159040024243074","-0.013292065894927818","-0.03758543701952244","#N/A","0.00068"
"2014/06/30","0.017865466049549417","0.006458998240572722","0.03659352854555897","0.02122937844178452","-0.0032974300647931054","-0.0022903846621238344","0.021057268331027723","0.058938632942964864","#N/A","0.00067"
"2014/07/31","0.00014849768476699055","-0.012622050842031829","0.030457929621568125","0.027606938109975054","0.011227714697443991","0.011220719698237902","-0.0436119895105056","-0.022434881872404167","#N/A","0.00066"
"2014/08/31","0.048115384039031595","0.010140735672000467","-0.01135650643490338","0.036857100266983966","0.019916345319196394","0.021128906481875598","-0.00743141974179351","0.011571053091828487","#N/A","0.0006900000000000001"
"2014/09/30","0.0403566313635928","0.013954023728537601","0.053605557156309214","-0.027029044297877003","0.04842365774361168","0.03213628648286071","-0.009053899523120412","-0.009433970047649565","#N/A","0.00066"
"2014/10/31","0.021895125173913677","-0.004265285119595008","0.01332532077374493","0.012555109814190057","0.009006250682517036","0.01809068777366707","-0.061001400215790924","-0.031484159093699504","-0.12707372860547939","0.0005899999999999999"
"2014/11/30","0.10863418499472344","0.07966735623076948","0.06455471050475681","0.062353452803881826","0.08608154106707389","0.07450790100449867","-0.029953614724377298","0.07328845505241777","0.20568875908473605","0.00065"
"2014/12/31","0.011159354358257101","-0.026745542314881465","0.0022458862933245616","-0.02644911563447061","0.015226785258151576","-0.013819554037183157","-0.12564732064117212","0.027198999661025347","-0.14140461266331517","0.00068"
"2015/01/31","-0.039458588799168526","-0.003946294964917718","0.011764660631254031","-0.016931564830828028","0.010185858549638604","0.008367296422813641","-0.09636431696719416","0.07553289745210923","-0.3277139105925704","0.00074"
"2015/02/28","0.06628899580934289","0.07353069204237062","0.06423028015029919","0.05404866819893095","0.0005142084243312528","0.019237325380422332","0.06950562288203344","-0.04892973047392124","0.1803821549164797","0.0007599999999999999"
"2015/03/31","-0.01046159657893675","-0.009034208310817249","0.030697228354122696","-0.009725290207860282","0.00909528563566031","0.005561554657631529","-0.06066656297186601","-0.016993883517079977","-0.03436542437419987","0.0007000000000000001"
"2015/04/30","0.0010579052123180777","0.02745833338030379","0.014639013056734651","0.05924116326261131","-0.011890522361968525","0.00353293655352771","0.09959071360879257","-0.009556511161391779","-0.04148349332874657","0.00061"
"2015/05/31","0.05414676616215752","0.04280078755152994","0.05323399387243266","-0.0019517234282242502","0.03621409005222698","0.03755315102074164","0.018151698760755064","0.04713495269078272","0.0145209687448844","0.0006900000000000001"
"2015/06/30","-0.029411144173012826","-0.040180398620844104","-0.015115770675635742","-0.03832376165504081","-0.019954562980997848","-0.027260630790435836","-0.011628654928072968","-0.02392028272866098","0.1322327539325896","0.0007199999999999999"
"2015/07/31","0.034268174419185726","0.03197109847359281","0.015083103071294124","-0.05239932590266749","0.020141058767225717","0.012917037678035204","-0.13183576940094976","-0.056363947850739615","0.0943808578197518","0.00074"
"2015/08/31","-0.082006201442545","-0.09500897215646031","-0.08122307631234527","-0.10880340722923865","-0.025705887644351333","-0.03343867245442789","-0.019725158536228138","0.01453678547105941","-0.2099155285159745","0.0007599999999999999"
"2015/09/30","-0.03699723522613019","-0.05545009802422063","-0.07592318975097345","-0.04273653796349508","-0.0037628809711055533","-0.022339024382442618","-0.07106400783105371","-0.02978209969209389","0.014008718879694015","0.00073"
"2015/10/31","0.09538007558250028","0.0762598982963727","0.10016913432329733","0.07387580503578994","0.010203221819267805","0.034002463751133805","0.008920028959478188","0.031986360114310886","0.3435315161588417","0.0007599999999999999"
"2015/11/30","0.01883425767760305","0.007482883908160209","0.03478255853337542","-0.010494336493653722","0.011174083311894956","0.018224233969537762","-0.07764654506127577","-0.05304230207086258","0.2191886735657822","0.00078"
"2015/12/31","-0.036323874465583716","-0.042243360133714325","-0.03509662533761415","-0.056834511702219426","-0.02125617526219037","-0.03425125746815261","-0.1003047721646052","-0.02414600160630631","0.11900510727965052","0.00075"
"2016/01/31","-0.06177807338142105","-0.06710012882591998","-0.07684420503201572","-0.06231033844814238","-0.00036909443467603165","-0.012245378653853","-0.06465976185990974","0.04046568718858046","-0.15433969030365235","0.00074"
"2016/02/29","-0.04510061435742285","-0.0761797158980102","-0.0854606120922553","-0.052127581483134344","-0.03583433136648917","-0.027546949813747612","-0.06416282465248879","0.06295938425157277","0.13432566504673615","0.00033"
"2016/03/31","0.05511520834430805","0.0536873281062602","0.050970824973583406","0.11675697050837397","-0.0027377464675280017","0.02137079383405016","0.03280322435893579","-0.02045472271895421","-0.05874474897462034","-0.00003"
"2016/04/30","-0.034388112294451934","-0.01680883860960325","-0.005773681032112066","-0.034247105778001385","-0.03572661102918584","-0.023224920252734482","0.06156045638210261","0.010397963003105914","0.0347293762514036","-0.00037"
"2016/05/31","0.043030629063131265","0.024706391562395957","0.033681777963116","-0.012290254421078561","0.025723259204460502","0.02337141295091394","0.039060693677005265","-0.03687145920033419","0.2156124182382495","-0.0005899999999999999"
"2016/06/30","-0.0695207671626944","-0.09517802333701397","-0.09269648211408044","-0.030469197663702707","-0.05480038177850732","-0.034038385941928206","-0.06673051288464094","0.009538239064198928","0.17495728867278393","-0.00055"
"2016/07/31","0.05630743916408876","0.05967015651136509","0.06171016840287402","0.07401026878641748","0.02468700338821983","0.03308857704305135","-0.08330082514837645","0.039904525072480324","-0.05450550416510214","-0.00043"
"2016/08/31","-0.016743543166327757","-0.012674256331158151","0.019584591201659007","-0.009240843116037345","-0.020035023090556048","-0.004922982482546523","0.001778093746427123","-0.04959978365764639","-0.09528282288991252","-0.00043"
"2016/09/30","-0.016167739557182426","-0.0030739127100224417","-0.018626373572121824","0.008551613098854771","-0.015717112776768127","-0.012162194325740727","0.02384483198005305","-0.009197760497779983","0.04234829080515978","-0.00052"
"2016/10/31","0.015347581440064983","0.010369705149194441","0.059311936860571235","0.024708169197386054","0.02481803847566333","0.01539522684709227","0.015133907753996922","0.0031346477413085605","0.18787211695102157","-0.00037"
"2016/11/30","0.11522232583502467","0.056438364964852106","0.04927213248617224","0.028103457210418403","0.04800391523497116","0.029208328801232142","0.10219334840687444","-0.014325340962902944","0.14421747422067388","-0.00049"
"2016/12/31","0.05471617741373236","0.061736433766047316","0.04482407907048991","0.031147861869056603","0.0363876283928628","0.0491320407897371","0.08572523897353745","0.014531596824372883","0.33604811680765145","-0.00043999999999999996"
"2017/01/31","-0.005016506146904298","0.009662518414174759","-0.0020430954877703744","0.04254624984472155","-0.020427816500143248","-0.0055695653343864615","-0.03747964692823513","0.029542044614534912","-0.01575346437533731","-0.00045"
"2017/02/28","0.031015688129177432","0.003848993191419625","0.004605826299081794","0.009305896814686188","-0.0015560705175358125","0.008664299926461672","-0.0066772107110192325","0.023489713769063503","0.20627596157047523","-0.00037999999999999997"
"2017/03/31","-0.007355472017113618","0.023444329696396426","-0.004584709921551466","0.02794028149154193","-0.009143033326798","-0.0035025048190181485","-0.04902087782246001","-0.011064888836140319","-0.09948691505461627","-0.00042"
"2017/04/30","0.004956669985550111","0.01920154914560479","0.014841407409765361","0.012005285869372662","0.004105570250739765","0.01209691179865735","-0.031106842669948342","0.011650249140851887","0.2514182456793699","-0.00054"
"2017/05/31","0.0105844920640501","0.031820754759759096","0.023701413425546658","0.024878857082732075","0.0033676956490042986","0.004110331840124548","-0.015219437503048105","-0.004295581547317684","0.6903861041833588","-0.00053"
"2017/06/30","0.01699800653307504","0.013547301074010143","0.020689679760979462","0.019920047006868558","0.010371097703048227","0.0033090482600630633","-0.006452033119199951","-0.010980552702139601","0.09649087162611192","-0.0005600000000000001"
"2017/07/31","0.0068963970638475924","0.012795693742288616","-0.005318856298531904","0.044064327752042276","-0.010087957143916526","-0.0017511397391778427","0.028136636158745176","0.009753950209155038","0.14350773125905913","-0.00054"
"2017/08/31","0.0024638096278446486","-0.000900315178318345","-0.01328725478382653","0.023053262001594188","0.008957426954032677","0.019433201522744525","-0.010714744405830756","0.04044554031447234","0.6350281444707926","-0.00049"
"2017/09/30","0.03868499140845061","0.04221593728344275","0.0408977055203712","0.017714928657911466","0.012349281360455766","0.016257958066822953","0.04915112265879307","-0.01464883634337466","-0.06077487603701526","-0.00058"
"2017/10/31","0.02837852680256603","0.02157575171331172","0.0819358412327591","0.03766310630555547","0.005686432718703616","0.007146447813206835","0.043812859202336574","-0.0034581214004255623","0.49787026554643554","-0.00037"
"2017/11/30","0.021500231528398084","-0.0019638282331829737","0.03410082307087148","-0.012652021216212117","-0.010266100974684056","-0.011493021182126029","0.004009491553051969","-0.0055496187427176435","0.5681740194944485","-0.00048"
"2017/12/31","0.020017207243350654","0.021388153263791843","0.0025696602646883004","0.04570354540516375","0.012582673433910285","0.02034202273494734","0.04635810289229192","0.029184456754278942","0.39410795711521796","-0.00042"
"2018/01/31","0.01758600203763061","0.011659174329021527","0.015378158440783718","0.043229427649883245","-0.04754176710600366","-0.04284361776912582","-0.000610373654758023","-0.005133468935734631","-0.3044883556386384","-0.0004"
"2018/02/28","-0.04793506369656231","-0.059778160887522525","-0.043752638521189824","-0.07028760448882343","-0.021977427944530503","-0.033566217793815856","-0.04827832333674076","-0.031893326287795176","0.005078682331785878","-0.00042"
"2018/03/31","-0.03598401923831496","-0.01713773489806336","-0.022877357842692847","-0.003448434251915322","-0.0021632641604226732","-0.003338469002367339","0.01433449759755856","-0.0033349687409340856","-0.33524510973613786","-0.00062"
"2018/04/30","0.029891641981670825","0.04018295331813038","0.04817659765768734","-0.00426575469842283","0.014954531703680551","0.003585004886919041","0.07198019921455079","0.015742915022875392","0.3576817828283281","-0.00063"
"2018/05/31","0.020685128273465914","-0.022413443172316083","-0.01202761205002656","-0.029660075224354765","0.003057127123487824","-0.011611683675939122","0.011906495351749147","-0.016171537134238245","-0.191860352160114","-0.00061"
"2018/06/30","0.02216305952523623","0.00021883219186857872","0.004782684952735927","-0.029880280224538702","0.017361720327797814","0.0011468487562391605","0.02895767182343545","-0.019570852609929634","-0.13152452132426562","-0.0007099999999999999"
"2018/07/31","0.04181489440923336","0.033249138125625466","0.0128896762745081","0.04007086304436136","0.004304197716378022","0.03044935092811074","-0.0318615255280047","-0.018803774519944527","0.22052054995795678","-0.0007000000000000001"
"2018/08/31","0.0319661622657359","-0.022313805224620786","0.012586940390822532","-0.0376297202140522","0.005725672150881156","-0.023147425097063246","0.010474246771305706","-0.020398808718324335","-0.09543714979894735","-0.0005899999999999999"
"2018/09/30","0.027315275087508972","0.03110115535250846","0.06215173491379722","0.015329358208940214","0.014914305668068284","0.04198461004125442","0.06047700315108839","0.015027212539808987","-0.038545958020278714","-0.0005899999999999999"
"2018/10/31","-0.07160900791106972","-0.08380733895170411","-0.09120259166425004","-0.09005982464755935","-0.009113819894512654","-0.02777179611608671","-0.06436854700891104","0.01825024165251299","-0.049044678862971924","-0.0006"
"2018/11/30","0.021783822309696887","0.008154531928074249","0.02087040053582423","0.052360728617457664","0.010914941328395544","-0.0017248704320979025","-0.10782917775700185","0.006614013318544387","-0.36209648283474216","-0.0007000000000000001"
"2018/12/31","-0.11282312085032431","-0.0792108570085146","-0.10482821000489484","-0.06110751199942299","-0.007892735880597357","-0.008610791036146037","-0.0973445535180345","0.021018047348006386","-0.09365689233715158","-0.00068"
"2019/01/31","0.06685936268721226","0.053310775799233046","0.039358504813240325","0.08993894272640257","-0.00322934784581852","0.03501722873415081","0.07020483446111392","0.015903317724969224","-0.08741975656115719","-0.00064"
"2019/02/28","0.05023524060436113","0.04306452734928201","0.029453106096567705","0.0016822923131702971","0.01610214090816564","0.02131239633993509","0.05275350173693516","0.012431059859805638","0.13405249066056113","-0.00055"
"2019/03/31","0.016034406413863778","0.007131888953803012","0.0004540342865162472","0.009257574212216735","0.019153646656302703","0.013001031351814074","0.012571783215133081","-0.017895506573412434","0.06285351931784677","-0.00043999999999999996"
"2019/04/30","0.05063612590197497","0.03896950584235337","0.04947803775233184","0.03315366667287445","0.007376906841156661","0.01118718633849003","0.037245612744019274","0.002061979213187737","0.3155888276660084","-0.00068"
"2019/05/31","-0.08322043082249009","-0.07005817456807828","-0.07396187760123951","-0.09254986360578521","-0.0020622732864129523","-0.015947704422677567","-0.10322268939853807","-0.003245313569711028","0.5692025164657633","-0.0005"
"2019/06/30","0.053839749391416","0.04352352901336243","0.03269489450212393","0.04644085960759825","-0.0038981972513112417","0.02002284097671092","0.02728803385735068","0.06324915878349247","0.24297603991614403","-0.00063"
"2019/07/31","0.022797849454367247","-0.012056809293545245","0.013248508306873186","-0.019204190400232912","0.009396025244997164","0.014955947459403207","0.003057311083045189","0.009056688962111537","-0.06057414966637675","-0.0007099999999999999"
"2019/08/31","-0.035980921283292444","-0.03842820842969685","-0.03728966964087754","-0.05665102061692073","0.0077186879074331305","-0.004346530678004612","-0.06739091469600611","0.05585329520566318","-0.06379234039099524","-0.00046"
"2019/09/30","0.03388257583972365","0.04623735205683044","0.05573931154009171","0.031308265350499465","0.007940741912206617","0.0030258090857955278","0.029888240225663942","-0.01789137437870858","-0.12662112702858008","-0.0005899999999999999"
"2019/10/31","0.03010570452063699","0.04198414190504085","0.05592829345593153","0.04999565722195731","0.009926057698685486","0.013628205895898526","0.01586397565669806","0.03355990157125488","0.1178861849502757","-0.00021999999999999998"
"2019/11/30","0.04308485666065498","0.01799328805561551","0.016101839432946408","0.005700178223212671","0.006298071158172824","-0.0029144910428742232","0.010627313368704705","-0.026769777097594094","-0.17170863345629728","-0.00043"
"2019/12/31","0.023050883867441696","0.02394422377517147","0.017931507991441054","0.07101684639893335","-0.006299916485455359","0.023453053975705185","0.0581362184591494","0.03114401391740773","-0.055221358127338194","-0.00037999999999999997"
"2020/01/31","-0.0003671873460354691","-0.02819015790194379","-0.020483419539623737","-0.06147690853489374","0.020327253719897298","0.01243255701475432","-0.10607448115499174","0.04624531839756618","0.29988792671256803","-0.00032"
"2020/02/29","-0.07254337283989953","-0.0710194315758319","-0.08866592610720792","-0.030837950199068653","0.023152874580375515","-0.005436780411283704","-0.07135402012607539","0.0005522552025887251","-0.07370447904118338","-0.00016"
"2020/03/31","-0.13783945222591065","-0.1537951011140618","-0.09591543685038095","-0.17018154757272286","-0.02000863424179733","-0.1623144488345668","-0.31420747762410717","-0.014818529506957168","-0.26237260256694384","-0.00047"
"2020/04/30","0.11211844295798379","0.0442170893717988","0.06598986048404876","0.059382248757606115","0.0037735251870905095","0.03015809647569956","-0.10019930101585206","0.05491087193381117","0.32704106192384486","-0.00035999999999999997"
"2020/05/31","0.05779664463739054","0.06448431616773087","0.08333332478389499","0.03972654197395875","0.016480887938052025","0.07301134184552205","0.16923951342572674","0.03601287542891929","0.10327103096394152","-0.00047"
"2020/06/30","0.017233125056748788","0.03460211797674484","0.019340597441279916","0.06552414361063219","0.006094633074333666","0.029258123926729107","0.05548820908313834","0.027322051228354294","-0.03462242663328319","-0.00048"
"2020/07/31","0.030281589336423664","-0.008157313075504158","-0.02325245210185134","0.05327189491623674","-0.014047529506367673","0.010509740628573905","0.008634861180287334","0.08007171097302579","0.20568218525280124","-0.00028000000000000003"
"2020/08/31","0.0785036808998556","0.055743226342928276","0.06421208201842932","0.03724899824351047","-0.00016372340043480094","0.015452126514662323","0.055029086864800236","0.0033280540936044822","0.039954425021097695","-0.00035000000000000005"
"2020/09/30","-0.036267105577591274","-0.019270662324245458","0.007594919512229126","-0.008893349764035219","0.00024785543248873054","-0.01961577449758023","-0.04327644745027237","-0.04038418155671364","-0.07560658861022074","-0.00054"
"2020/10/31","-0.03517639879785073","-0.04563870329125019","-0.008375210271727274","0.003409292824488208","-0.016029262614216333","-0.015017369784912415","-0.04456202918814545","-0.016005273778511464","0.2644292123665748","-0.0002"
"2020/11/30","0.1037713442099879","0.13753585241480137","0.14991542245388478","0.08499252864400897","0.0074985411882109165","0.03749407941217919","0.1172838690487068","-0.05682045805441416","0.41769419468037094","-0.00032"
"2020/12/31","0.027473293619635575","0.04045780216589456","0.04076395751756823","0.061403250437261914","-0.008383843225749366","0.012122651927345185","0.048597108858487115","0.05974055626634911","0.46408770978696","-0.00026"
"2021/01/31","0.0010397558493053793","0.003444682463937143","0.008468551791015688","0.04344582745120795","0.0038158929259486385","-0.006627845277743294","0.058919318229518014","-0.021008263382656267","0.15476151066990584","-0.00017"
"2021/02/28","0.048382922933206673","0.04284780315028569","0.04618616651089913","0.02805714520352831","0.00453555411710016","-0.01105968129719026","0.12510435682617582","-0.044493190049221476","0.3903777151440815","-0.00016"
"2021/03/31","0.08398057142261761","0.06296508078652541","0.013377928316900656","0.02937931635255553","0.025019612439743488","0.029352277180559883","0.01724540726461332","0.025552802421390908","0.3534846662934481","-0.00017"
"2021/04/30","0.039537116549698714","0.01644798643000933","-0.012541311806044675","-0.0008550045686331886","-0.005473766947793668","0.011023094686789081","0.06715910103962464","0.023123349935076476","-0.032284248603738686","-0.00012"
"2021/05/31","0.015836778046658617","0.0443532700190683","0.0010027660314069209","0.025849212508417763","0.011266474911892699","0.01893851583468109","0.0332705418692858","0.08587387497140408","-0.34759179529524886","-0.00017"
"2021/06/30","0.02826946007975395","-0.0051277114392377365","-0.002003452272118733","0.015272408337088539","0.014040897327868063","0.014354921846738256","0.04669715345518366","-0.06501327109440935","-0.056030994640783205","-0.00029"
"2021/07/31","0.013976821214760182","-0.002532369173668947","-0.05166728357147421","-0.07390100179530512","0.0008649054558973468","-0.004668484341095902","0.0027316910625303503","0.014771392276587081","0.17583251241005438","-0.00035999999999999997"
"2021/08/31","0.03479531800971847","0.01942801250001569","0.028581491352893673","0.020664133753724112","0.002876401406829876","0.013921118151864365","-0.019153400347997507","0.004017566445888132","0.13864189404417004","-0.00034"
"2021/09/30","-0.029331549807135815","-0.01508690145116831","0.057658975611389884","-0.021316352874705236","0.008780020239546493","-0.00873923081333916","0.07891106703054884","-0.014904924426796584","-0.05475001922527267","-0.00021999999999999998"
"2021/10/31","0.08622530361288283","0.04727670216773783","-0.020032904699398557","0.02588801879502678","0.014920059324902812","0.01662747965494593","0.07460871142393666","0.030806392337909827","0.4212833086942034","-0.00027"
"2021/11/30","-0.006393534296448289","-0.04376760255323653","-0.018096455361090724","-0.03926121085233347","0.004367699331452757","-0.01720164503851984","-0.10440284868590155","-0.005725575248551551","-0.06880747808048504","-0.0004"
"2021/12/31","0.05782240703369679","0.05545797133816177","0.01604098002019838","0.026300299460602306","0.00743585903692634","0.03293068211123562","0.08391521651440081","0.04498517643422395","-0.1786969677133058","-0.00026"
"2022/01/31","-0.051103012181854646","-0.03468316518360737","-0.06247901399446443","0.0015243778878200054","-0.018291187006184484","-0.032071929699181045","0.119407804690016","-0.01524900371586535","-0.16750940440927398","-0.0002"
"2022/02/28","-0.026797528714378127","-0.03158549806714528","-0.017735587802078845","-0.0405211339387358","-0.008686359130942067","-0.0526537803063426","0.0914390320376961","0.06404884230766306","0.12553942874632273","-0.00017999999999999998"
"2022/03/31","0.09536545953188447","0.06116066392557684","0.05781502731406607","0.01998806538430986","0.025994349392800764","0.04410479666342382","0.1490243946159031","0.07080057151748864","0.11300673138424755","-0.00008"
"2022/04/30","-0.022054770906825616","-0.00020912049097254748","-0.03551722123369139","0.006266248748270531","0.031236502824894208","0.0005104739737462616","0.12078727787424515","0.04904167317381081","-0.11214516714760692","-0.00012"
"2022/05/31","-0.020935282114333154","-0.0036429330007764493","0.016088600335368852","-0.0171472414165057","-0.015711060906051122","-0.015219069472319546","0.032963135662500864","-0.05485307289379837","-0.17654171154743714","-0.00017999999999999998"
"2022/06/30","-0.01923699329324402","-0.024801717699744485","-0.03201965838926679","0.01377478489970585","0.05230564974479823","0.003123944219431962","-0.01390917164757588","0.0517392316989842","-0.334807669544409","-0.00037999999999999997"
"2022/07/31","0.07456142890671802","0.03481063954568597","0.05454638905772402","-0.01948332060481872","0.008925100193467594","0.01940265842057376","-0.02328936092701095","-0.04071149254061723","0.16061156111484598","-0.00012"
"2022/08/31","-0.009848541773636255","-0.03087253413642943","0.011060357512215235","0.018578559886635038","0.0008656811454028635","0.004318573295174044","0.0016575246124663767","0.0017184533518252998","-0.11313102752149595","-0.00017999999999999998"
"2022/09/30","-0.05517786920230061","-0.054943191128315805","-0.07171383182817803","-0.07906854263677787","-0.002088133431629724","-0.027386522967228988","-0.03707406686405568","0.011237128085401782","0.008976518324634863","-0.00049"
"2022/10/31","0.1065872667474459","0.083706406160442","0.06565651987473364","0.003163720399437242","0.010325144197579794","0.021739173798629885","0.0865640841880293","0.005556996921468604","0.07944567288921589","-0.0005"
"2022/11/30","-0.009160067332319666","0.0622620962462368","0.014920208666947543","0.08498947951803304","-0.025593053147307865","0.03324390181266246","-0.07251084632931426","0.01804152699766548","-0.21371975563414147","-0.00067"
"2022/12/31","-0.09721937768558275","-0.059379679532951424","-0.0660671131367554","-0.06727915110758709","-0.05035172088544526","-0.055027072667346744","-0.05798617254833616","-0.013785815632380904","-0.07666735007383141","-0.00066"
"2023/01/31","0.0433993291704633","0.07005084506744175","0.0466666681877097","0.07128398829453308","0.01435732624323216","0.020194181842160708","-0.019259673224026663","0.03842519249703824","0.3727169066139344","-0.0002"
"2023/02/28","0.01847536144168016","0.012619286922278317","0.004423183749155735","-0.03432009312155149","0.016893383147567054","0.01661991052858558","0.0004114499432277263","-0.011506016485677839","0.045107187259076253","-0.00018999999999999998"
"2023/03/31","0.01337161790095065","0.007716751805067146","0.03188298878731288","0.00857968229414996","0.0029496786158424992","-0.006518990378624023","-0.03199955517236541","0.054759655413939345","0.20218969899107453","-0.00017"
"2023/04/30","0.020558948822628764","0.034007147634836254","0.029020219938336034","-0.0038884810161818884","0.010293305444230905","0.0072235942772223005","-0.005972555450644457","0.013651224671867412","0.03238873281284449","-0.00015"
"2023/05/31","0.04959067400585648","0.0029029960235131824","0.07033842947380697","0.01966956716731305","0.032812550521645","0.03234752204582114","-0.02030071045917592","0.030638014221383125","-0.028377905573502837","-0.0005099999999999999"
"2023/06/30","0.10279334734309953","0.08197689762457605","0.07687524991301986","0.08123977183992381","0.03186797757488424","0.06160206725426587","0.08116938985202249","0.013130352522134459","0.15962979394536103","-0.00066"
"2023/07/31","0.004043825264626433","-0.001496448145596796","-0.0008941843263342575","0.03095609128925192","-0.027929337144466992","-0.011018933088315697","0.07747308405808306","-0.006139556371930754","-0.06756370654564481","-0.00046"
"2023/08/31","0.02107602740958492","-0.002898679477663757","-0.017003879292086577","-0.03083941741014018","0.03139171749523051","0.01878607838279045","0.04274990003288193","0.02538878051929072","-0.0791881951715091","-0.00063"
"2023/09/30","-0.026322799086989424","-0.01513369568018974","-0.015508496619997092","-0.009673409053311377","-0.004306753599380264","-0.011856560262801463","0.06031754771584774","-0.02678942713730814","0.06301747593930829","-0.00054"
"2023/10/31","-0.02318920308432071","-0.030488678691480864","-0.0315055365631286","-0.034401714702916975","-0.017196273050195","-0.013385764913856235","-0.040548060844691425","0.07268099442241849","0.2835739137979836","-0.0002"
"2023/11/30","0.07617893955381483","0.06715005628309467","0.08414134913964655","0.06295074016722024","0.03139517043221196","0.04761665991969566","-0.05720575620455137","0.01102589048628655","0.07271658123809366","-0.00015"
"2023/12/31","0.005767404303485879","0.013322236913042795","0","-0.003853149269648859","-0.0025801371854958788","0.0056022122119205875","-0.06698344356489616","-0.025917387578750506","0.07796241053949204","-0.00012"
"2024/01/31","0.05858783484058505","0.03729089786665396","0.085978078014471","-0.005170657587572958","0.04041756331181934","0.02935652440663894","0.0877031810900144","0.027576159353775997","0.04981810473114168","-0.00014000000000000001"
"2024/02/29","0.07565547647610771","0.052833255464510565","0.08049940270299283","0.06491187677002697","0.007229808118728531","0.030320849035711195","0.031092305188030078","0.026554210174885684","0.4692240145329949","-0.00006"
"2024/03/31","0.03807598410620594","0.03916609340527799","0.03589872037454245","0.03260246315335569","0.01427583057551085","0.025281613936433578","0.0499430062913635","0.09259021653975497","0.17167900964596083","0.00021999999999999998"
"2024/04/30","-0.009432965153049366","-0.0012912725794123059","-0.04913359751738777","0.029922967102674836","0.006604396865948159","0.007288449713437561","0.042010233462309365","0.06387959744142258","-0.12259624219594434","0.00077"
"2024/05/31","0.05487429207225114","0.05489671023731302","0.003494834467617336","0.023684700760097543","0.02085162395245188","0.030245972269063115","-0.010339858775744837","0.020088509130205656","0.11759286811548142","0.00077"
"2024/06/30","0.059910049302500434","0.005088559981383245","0.02835816864667473","0.050593664360494284","0.03285613901679363","0.021401108951710768","0.033118853563631756","0.02239409258895919","-0.04922065965624256","0.00077"
"2024/07/31","-0.03838713955937034","-0.025269093278877275","-0.010650846211957443","-0.041861107552750076","-0.026907269064436856","-0.024537601964294775","-0.07734432086382925","0.0013657774194970607","-0.020470047924783352","0.00078"
"2024/08/31","-0.028784501714459898","-0.020017732659502574","-0.0129032945635843","-0.0416790698545314","-0.03708977390623913","-0.029451357412080825","-0.07169636812695035","-0.030871907078120486","-0.13392963768460986","0.00227"
"2024/09/30","0.006157079296263301","-0.0068227908217979305","-0.010809464199348029","0.04203602393159889","-0.0014077401701250158","0.005310572274649816","-0.016415566426373096","0.035898120894022556","0.05831215931505107","0.00227"
"2024/10/31","0.06341009957896548","0.016403928671212098","0.029987292518068198","0.03999509285288738","0.04595897920776859","0.046791973599220826","0.08831312201221975","0.11918574818360939","0.1896482584112631","0.00227"
"2024/11/30","0.04559292537760817","-0.01636423512122842","-0.022205757813652083","-0.03966721984095056","-0.0022873955399410617","0.004762292673817559","-0.020662496788075413","-0.04351519452348018","0.35542009125739416","0.00227"
"2024/12/31","0.0135186026983809","0.007867672527213099","0.04642949928487328","0.020885147438821416","0.02091928519243247","0.015365506081168379","0.06945418053073205","0.023211847922041562","0.0059893522533900345","0.00227"
"2025/01/31","0.007901489563647113","0.02866407410788563","-0.00843982971319479","0.002664486848382941","-0.013394506139846829","-0.0018134153840226874","0.015355985637054648","0.04815320481806129","0.07583828016372607","0.00293"
"2025/02/28","-0.038867568616949955","0.002238458265922505","-0.06031125789322156","-0.015343445897114338","-0.004728603362001427","-0.00575584767757531","-0.04077449972591529","-0.008096407377128245","-0.19792668389352996","0.0047799999999999995"
"2025/03/31","-0.058205512507567336","-0.0007992150461764158","-0.0331262886688124","0.008677136721916057","-0.002895048947778256","-0.014103740593006564","0.023436023949415352","0.09160489420113338","-0.02419552395981961","0.00477"
"2025/04/30","-0.05715768211208472","-0.013767996952416484","0.009903611167024096","-0.04760582815061687","-0.0448120741452086","-0.05133716261794019","-0.13328573930946608","0.002869139135053489","0.08541078075969355","0.00477"
"2025/05/31","0.07389928724778727","0.05880454455213768","0.05618875092976694","0.05103842303710815","0.004268638087279175","0.022156685429935097","0.030852200804398988","0.010238217825023543","0.12227386286169262","0.00477"
"2025/06/30","0.05678269162144867","0.029217948105956015","0.06449177297090047","0.07551258120072424","0.019761154917256496","0.03215707779646726","0.04643968480648297","0.008366847430367086","0.029120831174159978","0.00477"
"2025/07/31","0.05636637451843973","0.010983150366809191","0.016613853962443415","0.03943404067482459","0.029858832224159748","0.039636943496321964","0.06819067818022262","0.026788907387604644","0.11569272300907252","0.0047799999999999995"
"2025/08/31","0.0038603263711924907","0.02818399280781625","0.04060434372049104","0.010009707426708703","-0.004615027819456441","0.00134714433279437","-0.017618521910561902","0.032692962794712566","-0.0802394700241097","0.00477"
"2025/09/30","0.04835490451469071","0.03321082814544263","0.05784936479128855","0.08416838593229725","0.023702791744215634","0.028196458022591298","0.021187975000680703","0.13156400927987622","0.0667229197367436","0.00477"
"2025/10/31","0.06038944571116267","0.048124494078648716","0.16641647008363725","0.0725517568813554","0.042075334943553866","0.056164296170849504","0.0465224369472752","0.07299027960794069","-0.005161104612155798","0.00477"
"2025/11/30","0.017470803165642534","0.023013594373009205","-0.041735613164184615","-0.0025054313652375093","0.021641488302541978","0.020533616997339577","0.018115793809073466","0.06963937695703559","-0.1621231439247891","0.00477"